-- MySQL dump 10.13  Distrib 5.6.24, for Win32 (x86)
--
-- Host: 127.0.0.1    Database: pos_inventory_db
-- ------------------------------------------------------
-- Server version	5.7.8-rc-log

/*!40101 SET @OLD_CHARACTER_SET_CLIENT=@@CHARACTER_SET_CLIENT */;
/*!40101 SET @OLD_CHARACTER_SET_RESULTS=@@CHARACTER_SET_RESULTS */;
/*!40101 SET @OLD_COLLATION_CONNECTION=@@COLLATION_CONNECTION */;
/*!40101 SET NAMES utf8 */;
/*!40103 SET @OLD_TIME_ZONE=@@TIME_ZONE */;
/*!40103 SET TIME_ZONE='+00:00' */;
/*!40014 SET @OLD_UNIQUE_CHECKS=@@UNIQUE_CHECKS, UNIQUE_CHECKS=0 */;
/*!40014 SET @OLD_FOREIGN_KEY_CHECKS=@@FOREIGN_KEY_CHECKS, FOREIGN_KEY_CHECKS=0 */;
/*!40101 SET @OLD_SQL_MODE=@@SQL_MODE, SQL_MODE='NO_AUTO_VALUE_ON_ZERO' */;
/*!40111 SET @OLD_SQL_NOTES=@@SQL_NOTES, SQL_NOTES=0 */;

--
-- Table structure for table `audit_trail_tbl`
--

DROP TABLE IF EXISTS `audit_trail_tbl`;
/*!40101 SET @saved_cs_client     = @@character_set_client */;
/*!40101 SET character_set_client = utf8 */;
CREATE TABLE `audit_trail_tbl` (
  `id` int(11) NOT NULL AUTO_INCREMENT,
  `employee_id` varchar(45) NOT NULL,
  `receipt_id` int(11) DEFAULT NULL,
  `activity` longtext,
  `date` date DEFAULT NULL,
  `time` varchar(45) DEFAULT NULL,
  PRIMARY KEY (`id`),
  KEY `audit_receipt_fk_idx` (`receipt_id`),
  CONSTRAINT `audit_receipt_fk` FOREIGN KEY (`receipt_id`) REFERENCES `receipt_tbl` (`invoice_id`) ON DELETE NO ACTION ON UPDATE NO ACTION
) ENGINE=InnoDB AUTO_INCREMENT=15 DEFAULT CHARSET=latin1;
/*!40101 SET character_set_client = @saved_cs_client */;

--
-- Dumping data for table `audit_trail_tbl`
--

LOCK TABLES `audit_trail_tbl` WRITE;
/*!40000 ALTER TABLE `audit_trail_tbl` DISABLE KEYS */;
INSERT INTO `audit_trail_tbl` VALUES (1,'Rabi',NULL,'added new User saito007','2016-01-17','12:4:26'),(2,'Randy',NULL,'completed a transaction: POS_00041','2016-01-17','18:8:8'),(3,'Randy',NULL,'completed a transaction: POS_00045','2016-01-18','14:48:15'),(4,'Randy',NULL,'completed a transaction: POS_00048','2016-01-18','14:51:51'),(5,'Randy',NULL,'completed a transaction: POS_00050','2016-01-18','14:55:0'),(6,'Karen',NULL,'completed a transaction: Payment: Php 300.00','2016-01-18','14:56:4'),(7,'Randy',NULL,'completed a transaction: POS_00054','2016-01-18','14:59:48'),(8,'Karen',NULL,'completed a transaction: Payment: Php 500.00','2016-01-18','15:1:43'),(9,'Karen',NULL,'completed a transaction: Payment: Php 400.00','2016-01-18','15:3:36'),(10,'Karen',NULL,'completed a transaction: Payment: Php 400.00','2016-01-18','15:6:48'),(11,'Karen',NULL,'completed a transaction: Payment: Php 400.00','2016-01-18','15:7:49'),(12,'Randy',NULL,'completed a transaction: POS_00069','2016-01-19','18:28:54'),(13,'Randy',NULL,'completed a transaction: POS_00073','2016-01-19','18:44:48'),(14,'Karen',NULL,'completed a transaction: Payment: Php 200.00','2016-01-19','18:45:22');
/*!40000 ALTER TABLE `audit_trail_tbl` ENABLE KEYS */;
UNLOCK TABLES;

--
-- Temporary view structure for view `audit_trail_view`
--

DROP TABLE IF EXISTS `audit_trail_view`;
/*!50001 DROP VIEW IF EXISTS `audit_trail_view`*/;
SET @saved_cs_client     = @@character_set_client;
SET character_set_client = utf8;
/*!50001 CREATE VIEW `audit_trail_view` AS SELECT 
 1 AS `date`,
 1 AS `time`,
 1 AS `activity`,
 1 AS `user_id`*/;
SET character_set_client = @saved_cs_client;

--
-- Temporary view structure for view `bestsellers`
--

DROP TABLE IF EXISTS `bestsellers`;
/*!50001 DROP VIEW IF EXISTS `bestsellers`*/;
SET @saved_cs_client     = @@character_set_client;
SET character_set_client = utf8;
/*!50001 CREATE VIEW `bestsellers` AS SELECT 
 1 AS `Name`,
 1 AS `Item_Sold`,
 1 AS `Percent_Share`*/;
SET character_set_client = @saved_cs_client;

--
-- Table structure for table `category_tbl`
--

DROP TABLE IF EXISTS `category_tbl`;
/*!40101 SET @saved_cs_client     = @@character_set_client */;
/*!40101 SET character_set_client = utf8 */;
CREATE TABLE `category_tbl` (
  `id` int(11) NOT NULL AUTO_INCREMENT,
  `name` varchar(45) DEFAULT NULL,
  PRIMARY KEY (`id`)
) ENGINE=InnoDB AUTO_INCREMENT=6 DEFAULT CHARSET=utf8;
/*!40101 SET character_set_client = @saved_cs_client */;

--
-- Dumping data for table `category_tbl`
--

LOCK TABLES `category_tbl` WRITE;
/*!40000 ALTER TABLE `category_tbl` DISABLE KEYS */;
INSERT INTO `category_tbl` VALUES (1,'Camera'),(2,'CCTV'),(3,'Paper Laptop'),(4,'Flapper'),(5,'Chocolates');
/*!40000 ALTER TABLE `category_tbl` ENABLE KEYS */;
UNLOCK TABLES;

--
-- Temporary view structure for view `daily_sales_report`
--

DROP TABLE IF EXISTS `daily_sales_report`;
/*!50001 DROP VIEW IF EXISTS `daily_sales_report`*/;
SET @saved_cs_client     = @@character_set_client;
SET character_set_client = utf8;
/*!50001 CREATE VIEW `daily_sales_report` AS SELECT 
 1 AS `Date`,
 1 AS `Sales`*/;
SET character_set_client = @saved_cs_client;

--
-- Table structure for table `employee_tbl`
--

DROP TABLE IF EXISTS `employee_tbl`;
/*!40101 SET @saved_cs_client     = @@character_set_client */;
/*!40101 SET character_set_client = utf8 */;
CREATE TABLE `employee_tbl` (
  `id` int(11) NOT NULL AUTO_INCREMENT,
  `user_id` varchar(45) NOT NULL,
  `firstname` varchar(45) NOT NULL,
  `middlename` varchar(45) DEFAULT NULL,
  `lastname` varchar(45) NOT NULL,
  `mobile_no` varchar(45) DEFAULT NULL,
  `telephone_no` varchar(45) DEFAULT NULL,
  `email_address` varchar(45) DEFAULT NULL,
  `address` varchar(45) DEFAULT NULL,
  `image_path` varchar(45) DEFAULT NULL,
  PRIMARY KEY (`id`),
  KEY `employee_user_fk_idx` (`user_id`),
  CONSTRAINT `employee_user_id` FOREIGN KEY (`user_id`) REFERENCES `user_tbl` (`id`) ON DELETE NO ACTION ON UPDATE NO ACTION
) ENGINE=InnoDB AUTO_INCREMENT=8 DEFAULT CHARSET=utf8;
/*!40101 SET character_set_client = @saved_cs_client */;

--
-- Dumping data for table `employee_tbl`
--

LOCK TABLES `employee_tbl` WRITE;
/*!40000 ALTER TABLE `employee_tbl` DISABLE KEYS */;
INSERT INTO `employee_tbl` VALUES (1,'Randy','Randy','C','Panol','09264142434','09264142434','akira@google.com','G44 Abbey Road Bagbag Novaliches Quezon City','C:\\\\Petvet\\Images\\754282.jpg'),(2,'Francis','Francis','X','Caceres','0933764751','t','akira@google.com','jdlfkj','C:\\\\Petvet\\Images\\233469.jpg'),(3,'Jerwin','Jerwin','V','Alog','093276278','t','akira@google.com','fjlskdfjl','C:\\\\Petvet\\Images\\334903.jpg'),(4,'Rabi','Rainier','A','Abordo','8490384038403','232-434-23','jessea@m.com','dfjldk','C:\\\\Petvet\\Images\\83110.jpg'),(5,'Karen','Karen','F','Paje','0923263746232','3287328372897','kp@gmail.com','jflskj',''),(6,'jessea','Jessea','R','Malanao','09356080445','232-434-23','jessea@m.com','Dito','C:\\\\Petvet\\Images\\937495.jpg'),(7,'saito007','Francis','R','Caceres','09264142434','123-4456','francissaito@gmail.com','ramirez st.','');
/*!40000 ALTER TABLE `employee_tbl` ENABLE KEYS */;
UNLOCK TABLES;

--
-- Table structure for table `fallback_tbl`
--

DROP TABLE IF EXISTS `fallback_tbl`;
/*!40101 SET @saved_cs_client     = @@character_set_client */;
/*!40101 SET character_set_client = utf8 */;
CREATE TABLE `fallback_tbl` (
  `id` int(11) NOT NULL AUTO_INCREMENT,
  `squery` text,
  PRIMARY KEY (`id`)
) ENGINE=InnoDB AUTO_INCREMENT=6 DEFAULT CHARSET=utf8;
/*!40101 SET character_set_client = @saved_cs_client */;

--
-- Dumping data for table `fallback_tbl`
--

LOCK TABLES `fallback_tbl` WRITE;
/*!40000 ALTER TABLE `fallback_tbl` DISABLE KEYS */;
INSERT INTO `fallback_tbl` VALUES (1,'Sample question 1.'),(2,'Sample question 2.'),(3,'Sample question 3.'),(4,'Sample question 4.'),(5,'Sample question 5.');
/*!40000 ALTER TABLE `fallback_tbl` ENABLE KEYS */;
UNLOCK TABLES;

--
-- Table structure for table `fraud`
--

DROP TABLE IF EXISTS `fraud`;
/*!40101 SET @saved_cs_client     = @@character_set_client */;
/*!40101 SET character_set_client = utf8 */;
CREATE TABLE `fraud` (
  `Productno` int(10) unsigned NOT NULL AUTO_INCREMENT,
  `Productname` varchar(45) NOT NULL,
  `date` varchar(45) NOT NULL,
  PRIMARY KEY (`Productno`)
) ENGINE=InnoDB DEFAULT CHARSET=latin1;
/*!40101 SET character_set_client = @saved_cs_client */;

--
-- Dumping data for table `fraud`
--

LOCK TABLES `fraud` WRITE;
/*!40000 ALTER TABLE `fraud` DISABLE KEYS */;
/*!40000 ALTER TABLE `fraud` ENABLE KEYS */;
UNLOCK TABLES;

--
-- Table structure for table `inventory_tbl`
--

DROP TABLE IF EXISTS `inventory_tbl`;
/*!40101 SET @saved_cs_client     = @@character_set_client */;
/*!40101 SET character_set_client = utf8 */;
CREATE TABLE `inventory_tbl` (
  `id` int(11) NOT NULL AUTO_INCREMENT,
  `product_id` varchar(20) DEFAULT NULL,
  `stockin_datetime` datetime DEFAULT NULL,
  `qty_received` int(11) DEFAULT NULL,
  `qty_onhand` int(11) DEFAULT NULL,
  PRIMARY KEY (`id`),
  KEY `inventory_product_tbl_idx` (`product_id`),
  CONSTRAINT `inventory_product_tbl` FOREIGN KEY (`product_id`) REFERENCES `product_tbl` (`id`) ON DELETE NO ACTION ON UPDATE NO ACTION
) ENGINE=InnoDB AUTO_INCREMENT=18 DEFAULT CHARSET=utf8;
/*!40101 SET character_set_client = @saved_cs_client */;

--
-- Dumping data for table `inventory_tbl`
--

LOCK TABLES `inventory_tbl` WRITE;
/*!40000 ALTER TABLE `inventory_tbl` DISABLE KEYS */;
INSERT INTO `inventory_tbl` VALUES (1,'SWGB1D1015M09','2015-10-15 15:29:45',100,100),(2,'SWGB1D1015M09','2015-10-15 15:31:12',100,100),(3,'CTVB1D1015M00','2015-10-15 15:31:50',100,100),(4,'CTVB1D1015M00',NULL,NULL,-50),(5,'CTVB1D1015M00',NULL,NULL,-1),(6,'CTVB1D1015M00',NULL,NULL,-1),(7,'CTVB1D1015M00','2015-10-15 18:43:43',100,100),(8,'ACCB1D1015M30','2015-10-15 18:45:46',100,100),(9,'ACCB1D1015M30',NULL,NULL,-100),(10,'SWGB1D1015M09',NULL,NULL,-7),(11,'CTVB1D1015M00',NULL,NULL,-2),(12,'CTVB1D1015M00',NULL,NULL,-50),(13,'ACCB1D1015M30','2016-01-12 13:32:46',200,200),(14,'accb1d1015m30','2016-01-12 15:50:51',100,100),(15,'accb1d1015m30','2016-01-13 09:37:44',300,300),(16,'CTVB1D1015M00',NULL,NULL,-1),(17,'ACCB1D1015M30',NULL,NULL,-1);
/*!40000 ALTER TABLE `inventory_tbl` ENABLE KEYS */;
UNLOCK TABLES;

--
-- Temporary view structure for view `inventory_view`
--

DROP TABLE IF EXISTS `inventory_view`;
/*!50001 DROP VIEW IF EXISTS `inventory_view`*/;
SET @saved_cs_client     = @@character_set_client;
SET character_set_client = utf8;
/*!50001 CREATE VIEW `inventory_view` AS SELECT 
 1 AS `Name`,
 1 AS `Description`,
 1 AS `Barcode`,
 1 AS `Unit_price`,
 1 AS `Category`,
 1 AS `Stock_since`,
 1 AS `Supplier`,
 1 AS `Qty_Received`,
 1 AS `Qty_On_Hand`,
 1 AS `Warranty`,
 1 AS `Replacement`*/;
SET character_set_client = @saved_cs_client;

--
-- Table structure for table `invoice_tbl`
--

DROP TABLE IF EXISTS `invoice_tbl`;
/*!40101 SET @saved_cs_client     = @@character_set_client */;
/*!40101 SET character_set_client = utf8 */;
CREATE TABLE `invoice_tbl` (
  `id` int(11) NOT NULL AUTO_INCREMENT,
  `date` date DEFAULT NULL,
  `time` time DEFAULT NULL,
  `employee_id` varchar(45) DEFAULT NULL,
  PRIMARY KEY (`id`),
  KEY `invoice_employee_fk_idx` (`employee_id`)
) ENGINE=InnoDB AUTO_INCREMENT=77 DEFAULT CHARSET=utf8;
/*!40101 SET character_set_client = @saved_cs_client */;

--
-- Dumping data for table `invoice_tbl`
--

LOCK TABLES `invoice_tbl` WRITE;
/*!40000 ALTER TABLE `invoice_tbl` DISABLE KEYS */;
INSERT INTO `invoice_tbl` VALUES (1,'2015-10-15','15:32:05','Randy'),(2,'2015-10-15','15:33:10','Randy'),(3,'2015-10-15','15:33:17','Karen'),(4,'2015-10-15','15:33:32','Karen'),(5,'2015-10-15','16:00:09','Randy'),(6,'2015-10-15','16:00:22','Randy'),(7,'2015-10-15','16:01:06','Karen'),(8,'2015-10-15','16:01:15','Karen'),(9,'2015-10-15','16:10:50','Karen'),(10,'2015-10-15','16:11:24','Karen'),(11,'2015-10-15','16:13:43','Karen'),(12,'2015-10-15','16:16:24','Karen'),(13,'2015-10-15','16:18:43','Randy'),(14,'2015-10-15','16:18:58','Randy'),(15,'2015-10-15','16:19:17','Randy'),(16,'2015-10-15','16:19:31','Randy'),(17,'2015-10-15','16:19:47','Karen'),(18,'2015-10-15','16:19:56','Karen'),(19,'2015-10-15','16:21:21','Randy'),(20,'2015-10-15','16:22:28','Randy'),(21,'2015-10-15','16:23:12','Randy'),(22,'2015-10-15','16:25:56','Karen'),(23,'2015-10-15','16:26:05','Randy'),(24,'2015-10-15','16:27:38','Randy'),(25,'2015-10-15','16:32:49','Randy'),(26,'2015-10-15','16:35:14','Randy'),(27,'2015-10-15','16:35:25','Randy'),(28,'2015-10-15','18:56:54','Randy'),(29,'2015-10-15','19:16:44','Karen'),(30,'2015-10-15','19:18:51','Karen'),(31,'2015-10-29','09:48:49','Francis'),(32,'2015-10-29','09:50:49','Francis'),(33,'2015-10-29','09:53:08','Karen'),(34,'2015-10-29','09:54:10','Karen'),(35,'2016-01-17','11:16:23','Karen'),(36,'2016-01-17','11:16:30','Karen'),(37,'2016-01-17','11:16:31','Karen'),(38,'2016-01-17','16:29:12','Randy'),(39,'2016-01-17','16:42:02','Karen'),(40,'2016-01-17','16:49:59','Karen'),(41,'2016-01-17','18:06:27','Randy'),(42,'2016-01-17','18:08:16','Randy'),(43,'2016-01-17','18:08:49','Karen'),(44,'2016-01-17','18:15:26','Randy'),(45,'2016-01-18','14:46:06','Randy'),(46,'2016-01-18','14:48:20','Randy'),(47,'2016-01-18','14:48:42','Karen'),(48,'2016-01-18','14:49:24','Randy'),(49,'2016-01-18','14:51:53','Randy'),(50,'2016-01-18','14:54:49','Randy'),(51,'2016-01-18','14:55:27','Randy'),(52,'2016-01-18','14:55:56','Karen'),(53,'2016-01-18','14:56:05','Karen'),(54,'2016-01-18','14:58:44','Randy'),(55,'2016-01-18','14:59:54','Randy'),(56,'2016-01-18','15:00:09','Karen'),(57,'2016-01-18','15:01:44','Karen'),(58,'2016-01-18','15:03:27','Karen'),(59,'2016-01-18','15:03:36','Karen'),(60,'2016-01-18','15:06:49','Karen'),(61,'2016-01-18','15:07:38','Karen'),(62,'2016-01-18','15:07:53','Karen'),(63,'2016-01-19','02:50:04','Randy'),(64,'2016-01-19','17:16:48','Randy'),(65,'2016-01-19','17:28:56','Randy'),(66,'2016-01-19','17:33:14','Randy'),(67,'2016-01-19','18:09:46','Randy'),(68,'2016-01-19','18:25:39','Randy'),(69,'2016-01-19','18:28:37','Randy'),(70,'2016-01-19','18:29:14','Randy'),(71,'2016-01-19','18:29:31','Karen'),(72,'2016-01-19','18:34:57','Karen'),(73,'2016-01-19','18:44:43','Randy'),(74,'2016-01-19','18:44:51','Randy'),(75,'2016-01-19','18:44:58','Karen'),(76,'2016-01-19','18:45:27','Karen');
/*!40000 ALTER TABLE `invoice_tbl` ENABLE KEYS */;
UNLOCK TABLES;

--
-- Table structure for table `login_trail_tbl`
--

DROP TABLE IF EXISTS `login_trail_tbl`;
/*!40101 SET @saved_cs_client     = @@character_set_client */;
/*!40101 SET character_set_client = utf8 */;
CREATE TABLE `login_trail_tbl` (
  `id` int(11) NOT NULL AUTO_INCREMENT,
  `user_id` varchar(45) NOT NULL,
  `datetime_in` datetime NOT NULL DEFAULT CURRENT_TIMESTAMP,
  `datetime_out` datetime DEFAULT CURRENT_TIMESTAMP,
  PRIMARY KEY (`id`),
  KEY `login_employee_fk_idx` (`user_id`)
) ENGINE=InnoDB AUTO_INCREMENT=651 DEFAULT CHARSET=latin1;
/*!40101 SET character_set_client = @saved_cs_client */;

--
-- Dumping data for table `login_trail_tbl`
--

LOCK TABLES `login_trail_tbl` WRITE;
/*!40000 ALTER TABLE `login_trail_tbl` DISABLE KEYS */;
INSERT INTO `login_trail_tbl` VALUES (1,'Jerwin','2015-10-09 01:34:54','2015-10-09 01:35:11'),(2,'Randy','2015-10-09 01:35:42','2015-10-09 01:35:42'),(3,'Randy','2015-10-09 01:36:53','2015-10-09 01:36:53'),(4,'Jerwin','2015-10-09 01:37:45','2015-10-09 01:37:49'),(5,'','2015-10-09 01:37:55','2015-10-09 01:40:37'),(6,'Randy','2015-10-09 01:42:51','2015-10-09 01:42:51'),(7,'','2015-10-09 01:43:24','2015-10-09 01:43:24'),(8,'Randy','2015-10-09 01:45:09','2015-10-09 01:45:09'),(9,'Randy','2015-10-09 01:46:23','2015-10-09 01:46:23'),(10,'Randy','2015-10-09 01:50:08','2015-10-09 01:50:08'),(11,'Randy','2015-10-09 01:52:10','2015-10-09 01:52:10'),(12,'Jerwin','2015-10-09 01:58:36','2015-10-09 01:58:39'),(13,'','2015-10-09 01:58:42','2015-10-09 01:58:42'),(14,'Randy','2015-10-09 01:58:43','2015-10-09 01:58:43'),(15,'','2015-10-09 01:59:38','2015-10-09 01:59:38'),(16,'','2015-10-09 02:02:09','2015-10-09 02:02:09'),(17,'Randy','2015-10-09 02:04:43','2015-10-09 02:04:43'),(18,'','2015-10-09 02:04:49','2015-10-09 02:04:50'),(19,'Jerwin','2015-10-09 02:04:57','2015-10-09 02:05:00'),(20,'','2015-10-09 02:05:08','2015-10-09 02:06:37'),(21,'Jerwin','2015-10-09 02:07:31','2015-10-09 02:07:39'),(22,'','2015-10-09 02:07:47','2015-10-09 02:08:09'),(23,'Karen','2015-10-09 02:08:57','2015-10-09 02:09:39'),(24,'Jerwin','2015-10-09 02:09:45','2015-10-09 02:09:45'),(25,'Randy','2015-10-09 02:11:30','2015-10-09 02:11:30'),(26,'Randy','2015-10-09 02:12:03','2015-10-09 02:12:03'),(27,'Randy','2015-10-09 02:12:33','2015-10-09 02:12:33'),(28,'Randy','2015-10-09 02:14:33','2015-10-09 02:14:33'),(29,'Randy','2015-10-09 02:15:01','2015-10-09 02:15:01'),(30,'Jerwin','2015-10-09 02:15:46','2015-10-09 02:15:46'),(31,'Randy','2015-10-09 02:17:28','2015-10-09 02:17:28'),(32,'Jerwin','2015-10-09 02:19:27','2015-10-09 02:19:27'),(33,'Jerwin','2015-10-09 02:27:35','2015-10-09 02:27:35'),(34,'Jerwin','2015-10-09 02:28:50','2015-10-09 02:28:50'),(35,'Jerwin','2015-10-09 02:34:06','2015-10-09 02:34:06'),(36,'Jerwin','2015-10-09 02:36:25','2015-10-09 02:36:25'),(37,'Jerwin','2015-10-09 02:40:31','2015-10-09 02:41:19'),(38,'Jerwin','2015-10-09 02:41:45','2015-10-09 02:42:41'),(39,'Jerwin','2015-10-09 02:44:28','2015-10-09 02:44:28'),(40,'Jerwin','2015-10-09 02:45:12','2015-10-09 02:45:52'),(41,'Jerwin','2015-10-09 02:46:58','2015-10-09 02:50:44'),(42,'Randy','2015-10-09 08:48:15','2015-10-09 08:48:16'),(43,'Randy','2015-10-09 19:04:02','2015-10-09 19:05:28'),(44,'Randy','2015-10-09 19:19:55','2015-10-09 19:20:06'),(45,'Randy','2015-10-09 19:20:41','2015-10-09 19:21:49'),(46,'Randy','2015-10-09 19:44:21','2015-10-09 19:45:31'),(47,'Randy','2015-10-09 19:53:16','2015-10-09 19:53:29'),(48,'Randy','2015-10-10 20:43:34','2015-10-10 20:47:12'),(49,'Randy','2015-10-10 20:48:27','2015-10-10 20:48:40'),(50,'Randy','2015-10-10 20:49:51','2015-10-10 20:50:54'),(51,'Randy','2015-10-10 20:51:40','2015-10-10 20:51:40'),(52,'Randy','2015-10-10 20:55:58','2015-10-10 20:55:58'),(53,'Karen','2015-10-10 21:01:24','2015-10-10 21:02:39'),(54,'Karen','2015-10-10 21:03:03','2015-10-10 21:03:56'),(55,'Randy','2015-10-10 21:16:29','2015-10-10 21:16:35'),(56,'Karen','2015-10-10 21:16:41','2015-10-10 21:17:14'),(57,'Randy','2015-10-10 21:17:26','2015-10-10 21:17:52'),(58,'Randy','2015-10-10 21:18:27','2015-10-10 21:19:44'),(59,'Randy','2015-10-10 21:24:20','2015-10-10 21:25:12'),(60,'Randy','2015-10-10 21:32:36','2015-10-10 21:33:12'),(61,'Randy','2015-10-10 21:34:40','2015-10-10 21:35:03'),(62,'Randy','2015-10-10 21:36:12','2015-10-10 21:37:23'),(63,'Randy','2015-10-10 21:43:16','2015-10-10 21:44:11'),(64,'Randy','2015-10-10 21:44:38','2015-10-10 21:44:49'),(65,'Randy','2015-10-11 09:46:30','2015-10-11 09:46:33'),(66,'Randy','2015-10-11 09:55:17','2015-10-11 09:56:22'),(67,'Randy','2015-10-11 10:01:02','2015-10-11 10:03:42'),(68,'Randy','2015-10-11 10:04:41','2015-10-11 10:06:11'),(69,'Randy','2015-10-11 10:09:57','2015-10-11 10:10:12'),(70,'Randy','2015-10-13 22:12:27','2015-10-13 22:12:37'),(71,'Randy','2015-10-13 22:16:15','2015-10-13 22:16:23'),(72,'Randy','2015-10-13 22:20:45','2015-10-13 22:20:52'),(73,'Randy','2015-10-13 22:22:38','2015-10-13 22:22:44'),(74,'Randy','2015-10-13 22:24:02','2015-10-13 22:24:02'),(75,'Randy','2015-10-13 22:24:45','2015-10-13 22:25:09'),(76,'Randy','2015-10-13 22:26:05','2015-10-13 22:26:10'),(77,'Randy','2015-10-13 22:27:15','2015-10-13 22:27:32'),(78,'Randy','2015-10-13 22:28:02','2015-10-13 22:28:07'),(79,'','2015-10-13 22:32:41','2015-10-13 22:32:48'),(80,'Randy','2015-10-13 22:42:05','2015-10-13 22:42:12'),(81,'Randy','2015-10-13 22:49:03','2015-10-13 22:50:53'),(82,'Randy','2015-10-13 22:56:24','2015-10-13 22:57:47'),(83,'Randy','2015-10-13 23:04:45','2015-10-13 23:05:04'),(84,'Randy','2015-10-13 23:06:25','2015-10-13 23:06:34'),(85,'Randy','2015-10-13 23:08:09','2015-10-13 23:08:16'),(86,'Randy','2015-10-13 23:09:05','2015-10-13 23:09:19'),(87,'Randy','2015-10-13 23:13:03','2015-10-13 23:13:22'),(88,'Randy','2015-10-13 23:13:59','2015-10-13 23:15:18'),(89,'Randy','2015-10-13 23:59:45','2015-10-13 23:59:55'),(90,'Randy','2015-10-14 00:00:09','2015-10-14 00:00:22'),(91,'Randy','2015-10-14 00:18:58','2015-10-14 00:19:25'),(92,'Randy','2015-10-14 00:36:37','2015-10-14 00:36:37'),(93,'Randy','2015-10-14 00:49:12','2015-10-14 00:49:12'),(94,'Randy','2015-10-14 00:51:12','2015-10-14 00:51:12'),(95,'Randy','2015-10-14 00:56:55','2015-10-14 00:56:55'),(96,'Randy','2015-10-14 01:01:35','2015-10-14 01:01:54'),(97,'Randy','2015-10-14 01:11:40','2015-10-14 01:11:51'),(98,'Jerwin','2015-10-14 01:12:01','2015-10-14 01:13:10'),(99,'Randy','2015-10-14 01:14:08','2015-10-14 01:15:10'),(100,'Randy','2015-10-14 01:16:27','2015-10-14 01:16:27'),(101,'Randy','2015-10-14 01:17:45','2015-10-14 01:17:45'),(102,'Randy','2015-10-14 01:30:07','2015-10-14 01:30:07'),(103,'Randy','2015-10-14 01:34:16','2015-10-14 01:35:44'),(104,'Jerwin','2015-10-14 01:37:19','2015-10-14 01:38:11'),(105,'Randy','2015-10-14 16:48:06','2015-10-14 16:48:45'),(106,'Randy','2015-10-14 17:06:25','2015-10-14 17:06:27'),(107,'Randy','2015-10-14 18:11:15','2015-10-14 18:11:27'),(108,'Randy','2015-10-15 07:49:14','2015-10-15 07:49:14'),(109,'Randy','2015-10-15 07:50:45','2015-10-15 07:51:15'),(110,'Karen','2015-10-15 08:05:14','2015-10-15 08:05:17'),(111,'Karen','2015-10-15 08:07:49','2015-10-15 08:07:53'),(112,'Jerwin','2015-10-15 08:08:30','2015-10-15 08:08:39'),(113,'Jerwin','2015-10-15 08:10:55','2015-10-15 08:10:59'),(114,'Randy','2015-10-15 08:11:45','2015-10-15 08:11:45'),(115,'Randy','2015-10-15 08:25:23','2015-10-15 08:25:28'),(116,'Randy','2015-10-15 08:27:21','2015-10-15 08:27:26'),(117,'Randy','2015-10-15 08:28:21','2015-10-15 08:28:24'),(118,'Randy','2015-10-15 08:46:16','2015-10-15 08:47:25'),(119,'Randy','2015-10-15 08:47:36','2015-10-15 08:47:44'),(120,'Karen','2015-10-15 08:47:49','2015-10-15 08:49:22'),(121,'Jerwin','2015-10-15 08:50:04','2015-10-15 08:50:29'),(122,'Jerwin','2015-10-15 09:01:47','2015-10-15 09:01:47'),(123,'Karen','2015-10-15 09:05:53','2015-10-15 09:05:58'),(124,'Jerwin','2015-10-15 09:06:38','2015-10-15 09:06:38'),(125,'Jerwin','2015-10-15 09:09:55','2015-10-15 09:09:55'),(126,'Jerwin','2015-10-15 09:13:02','2015-10-15 09:13:02'),(127,'Jerwin','2015-10-15 09:15:59','2015-10-15 09:15:59'),(128,'Jerwin','2015-10-15 09:17:16','2015-10-15 09:17:16'),(129,'Jerwin','2015-10-15 09:21:14','2015-10-15 09:21:38'),(130,'Jerwin','2015-10-15 09:22:26','2015-10-15 09:24:21'),(131,'Jerwin','2015-10-15 09:26:28','2015-10-15 09:26:28'),(132,'Jerwin','2015-10-15 09:28:22','2015-10-15 09:28:55'),(133,'Jerwin','2015-10-15 09:30:27','2015-10-15 09:31:35'),(134,'Jerwin','2015-10-15 09:32:15','2015-10-15 09:32:15'),(135,'Jerwin','2015-10-15 09:34:11','2015-10-15 09:34:37'),(136,'Jerwin','2015-10-15 09:35:46','2015-10-15 09:36:06'),(137,'Jerwin','2015-10-15 09:37:06','2015-10-15 09:37:28'),(138,'Jerwin','2015-10-15 09:41:42','2015-10-15 09:41:53'),(139,'Jerwin','2015-10-15 09:42:30','2015-10-15 09:43:54'),(140,'Jerwin','2015-10-15 09:45:29','2015-10-15 09:45:50'),(141,'Jerwin','2015-10-15 09:46:24','2015-10-15 09:46:59'),(142,'Jerwin','2015-10-15 09:48:27','2015-10-15 09:48:27'),(143,'','2015-10-15 09:51:20','2015-10-15 09:51:21'),(144,'Jerwin','2015-10-15 09:51:45','2015-10-15 09:52:17'),(145,'Jerwin','2015-10-15 09:53:00','2015-10-15 09:53:27'),(146,'Jerwin','2015-10-15 09:54:49','2015-10-15 09:56:15'),(147,'Karen','2015-10-15 09:56:19','2015-10-15 09:56:30'),(148,'Jerwin','2015-10-15 09:56:37','2015-10-15 09:56:47'),(149,'Jerwin','2015-10-15 09:58:24','2015-10-15 09:58:45'),(150,'Jerwin','2015-10-15 09:59:54','2015-10-15 10:00:11'),(151,'Karen','2015-10-15 10:46:56','2015-10-15 10:48:23'),(152,'Jerwin','2015-10-15 10:48:29','2015-10-15 10:48:35'),(153,'Jerwin','2015-10-15 10:49:47','2015-10-15 10:50:04'),(154,'Karen','2015-10-15 10:50:09','2015-10-15 10:51:20'),(155,'Jerwin','2015-10-15 10:52:19','2015-10-15 10:53:48'),(156,'Randy','2015-10-15 10:53:52','2015-10-15 10:55:11'),(157,'Karen','2015-10-15 10:55:18','2015-10-15 10:55:18'),(158,'Karen','2015-10-15 10:59:48','2015-10-15 10:59:48'),(159,'Karen','2015-10-15 11:00:57','2015-10-15 11:00:57'),(160,'Karen','2015-10-15 11:03:33','2015-10-15 11:03:33'),(161,'Karen','2015-10-15 11:05:37','2015-10-15 11:05:37'),(162,'Karen','2015-10-15 11:07:04','2015-10-15 11:07:04'),(163,'Karen','2015-10-15 11:09:31','2015-10-15 11:09:31'),(164,'Karen','2015-10-15 11:12:24','2015-10-15 11:12:24'),(165,'Karen','2015-10-15 11:14:58','2015-10-15 11:14:58'),(166,'Karen','2015-10-15 11:17:45','2015-10-15 11:18:34'),(167,'Karen','2015-10-15 11:18:53','2015-10-15 11:19:13'),(168,'Karen','2015-10-15 11:21:04','2015-10-15 11:21:19'),(169,'Randy','2015-10-15 11:21:44','2015-10-15 11:22:24'),(170,'Karen','2015-10-15 11:35:16','2015-10-15 11:35:21'),(171,'Jerwin','2015-10-15 11:35:24','2015-10-15 11:37:49'),(172,'Jerwin','2015-10-15 11:40:03','2015-10-15 11:40:26'),(173,'Jerwin','2015-10-15 11:41:27','2015-10-15 11:42:59'),(174,'Randy','2015-10-15 11:43:09','2015-10-15 11:43:44'),(175,'Karen','2015-10-15 11:43:54','2015-10-15 11:46:02'),(176,'Karen','2015-10-15 11:46:07','2015-10-15 11:46:19'),(177,'Randy','2015-10-15 11:46:26','2015-10-15 11:47:47'),(178,'Karen','2015-10-15 11:47:55','2015-10-15 11:49:05'),(179,'Jerwin','2015-10-15 11:49:16','2015-10-15 11:49:27'),(180,'Jerwin','2015-10-15 11:50:25','2015-10-15 11:50:32'),(181,'Jerwin','2015-10-15 12:00:05','2015-10-15 12:00:05'),(182,'','2015-10-15 12:00:21','2015-10-15 12:00:52'),(183,'Randy','2015-10-15 12:01:07','2015-10-15 12:01:07'),(184,'Jerwin','2015-10-15 12:06:35','2015-10-15 12:06:38'),(185,'Karen','2015-10-15 12:06:48','2015-10-15 12:06:49'),(186,'Francis','2015-10-15 12:07:07','2015-10-15 12:11:24'),(187,'Karen','2015-10-15 12:12:20','2015-10-15 12:12:21'),(188,'Francis','2015-10-15 12:12:26','2015-10-15 12:12:26'),(189,'','2015-10-15 12:17:39','2015-10-15 12:17:41'),(190,'Karen','2015-10-15 12:17:57','2015-10-15 12:17:57'),(191,'Jerwin','2015-10-15 12:22:51','2015-10-15 12:22:51'),(192,'Jerwin','2015-10-15 12:23:04','2015-10-15 12:23:05'),(193,'Randy','2015-10-15 12:23:16','2015-10-15 12:23:16'),(194,'Francis','2015-10-15 12:24:56','2015-10-15 12:25:27'),(195,'Randy','2015-10-15 12:30:26','2015-10-15 12:31:20'),(196,'Randy','2015-10-15 12:31:26','2015-10-15 12:31:59'),(197,'Randy','2015-10-15 12:33:44','2015-10-15 12:33:44'),(198,'Karen','2015-10-15 12:35:18','2015-10-15 12:35:18'),(199,'Randy','2015-10-15 12:35:48','2015-10-15 12:35:48'),(200,'Francis','2015-10-15 12:35:48','2015-10-15 12:35:48'),(201,'Jerwin','2015-10-15 12:36:17','2015-10-15 12:36:17'),(202,'','2015-10-15 12:37:53','2015-10-15 12:37:54'),(203,'Randy','2015-10-15 12:37:58','2015-10-15 12:37:58'),(204,'Randy','2015-10-15 12:47:41','2015-10-15 12:47:41'),(205,'Jerwin','2015-10-15 12:48:27','2015-10-15 12:48:27'),(206,'Karen','2015-10-15 12:49:28','2015-10-15 13:00:12'),(207,'Rabi','2015-10-15 13:00:32','2015-10-15 13:06:53'),(208,'','2015-10-15 13:10:43','2015-10-15 13:10:54'),(209,'Karen','2015-10-15 13:11:01','2015-10-15 13:11:01'),(210,'','2015-10-15 13:14:33','2015-10-15 13:22:46'),(211,'','2015-10-15 13:30:54','2015-10-15 13:30:54'),(212,'Karen','2015-10-15 13:34:53','2015-10-15 13:34:53'),(213,'','2015-10-15 13:35:18','2015-10-15 13:40:56'),(214,'Jerwin','2015-10-15 13:51:03','2015-10-15 13:51:03'),(215,'','2015-10-15 14:00:20','2015-10-15 14:00:22'),(216,'Karen','2015-10-15 14:01:32','2015-10-15 14:01:32'),(217,'Karen','2015-10-15 14:08:54','2015-10-15 14:11:31'),(218,'Karen','2015-10-15 14:12:08','2015-10-15 14:12:18'),(219,'Randy','2015-10-15 14:12:44','2015-10-15 14:14:39'),(220,'Jerwin','2015-10-15 14:14:43','2015-10-15 14:16:37'),(221,'Randy','2015-10-15 14:16:41','2015-10-15 14:22:53'),(222,'Randy','2015-10-15 14:29:12','2015-10-15 14:33:31'),(223,'Karen','2015-10-15 14:33:40','2015-10-15 14:34:15'),(224,'Randy','2015-10-15 14:34:22','2015-10-15 14:35:47'),(225,'Jerwin','2015-10-15 14:36:27','2015-10-15 14:36:27'),(226,'Randy','2015-10-15 14:44:33','2015-10-15 14:46:02'),(227,'Randy','2015-10-15 14:47:52','2015-10-15 14:48:26'),(228,'Randy','2015-10-15 14:52:35','2015-10-15 14:53:26'),(229,'Randy','2015-10-15 14:55:26','2015-10-15 14:55:26'),(230,'Karen','2015-10-15 15:00:02','2015-10-15 15:00:06'),(231,'Randy','2015-10-15 15:01:45','2015-10-15 15:03:06'),(232,'Randy','2015-10-15 15:04:59','2015-10-15 15:06:01'),(233,'Jerwin','2015-10-15 15:14:32','2015-10-15 15:16:06'),(234,'Randy','2015-10-15 15:16:09','2015-10-15 15:17:04'),(235,'Jerwin','2015-10-15 15:18:25','2015-10-15 15:18:52'),(236,'Jerwin','2015-10-15 15:18:57','2015-10-15 15:18:57'),(237,'Jerwin','2015-10-15 15:22:59','2015-10-15 15:24:07'),(238,'Rabi','2015-10-15 15:24:36','2015-10-15 15:25:06'),(239,'Jerwin','2015-10-15 15:25:47','2015-10-15 15:26:09'),(240,'Jerwin','2015-10-15 15:26:36','2015-10-15 15:26:46'),(241,'Randy','2015-10-15 15:26:53','2015-10-15 15:27:06'),(242,'Randy','2015-10-15 15:28:58','2015-10-15 15:29:15'),(243,'Jerwin','2015-10-15 15:29:35','2015-10-15 15:30:29'),(244,'Jerwin','2015-10-15 15:30:38','2015-10-15 15:31:58'),(245,'Randy','2015-10-15 15:32:02','2015-10-15 15:33:12'),(246,'Karen','2015-10-15 15:33:16','2015-10-15 15:33:38'),(247,'Jerwin','2015-10-15 15:33:47','2015-10-15 15:34:05'),(248,'Jerwin','2015-10-15 15:40:25','2015-10-15 15:40:25'),(249,'Jerwin','2015-10-15 15:42:52','2015-10-15 15:43:20'),(250,'Karen','2015-10-15 15:44:39','2015-10-15 15:44:42'),(251,'Jerwin','2015-10-15 15:44:52','2015-10-15 15:45:20'),(252,'Jerwin','2015-10-15 15:45:23','2015-10-15 15:45:47'),(253,'Jerwin','2015-10-15 15:47:54','2015-10-15 15:48:49'),(254,'Karen','2015-10-15 15:48:54','2015-10-15 15:48:59'),(255,'Randy','2015-10-15 15:53:51','2015-10-15 15:53:51'),(256,'Randy','2015-10-15 16:00:07','2015-10-15 16:00:37'),(257,'Karen','2015-10-15 16:01:05','2015-10-15 16:01:36'),(258,'Randy','2015-10-15 16:10:41','2015-10-15 16:10:44'),(259,'Karen','2015-10-15 16:10:49','2015-10-15 16:10:57'),(260,'Karen','2015-10-15 16:11:23','2015-10-15 16:11:23'),(261,'Randy','2015-10-15 16:12:05','2015-10-15 16:12:15'),(262,'Randy','2015-10-15 16:12:51','2015-10-15 16:13:04'),(263,'Karen','2015-10-15 16:13:42','2015-10-15 16:13:42'),(264,'Randy','2015-10-15 16:14:16','2015-10-15 16:14:20'),(265,'Karen','2015-10-15 16:16:23','2015-10-15 16:17:34'),(266,'Jerwin','2015-10-15 16:18:22','2015-10-15 16:18:32'),(267,'Jerwin','2015-10-15 16:18:39','2015-10-15 16:18:44'),(268,'Randy','2015-10-15 16:18:39','2015-10-15 16:18:39'),(269,'Randy','2015-10-15 16:19:14','2015-10-15 16:19:34'),(270,'Randy','2015-10-15 16:19:40','2015-10-15 16:19:43'),(271,'Karen','2015-10-15 16:19:46','2015-10-15 16:20:07'),(272,'Randy','2015-10-15 16:21:17','2015-10-15 16:21:58'),(273,'Randy','2015-10-15 16:22:20','2015-10-15 16:22:57'),(274,'Randy','2015-10-15 16:23:01','2015-10-15 16:24:28'),(275,'Jerwin','2015-10-15 16:25:39','2015-10-15 16:25:49'),(276,'Karen','2015-10-15 16:25:53','2015-10-15 16:25:58'),(277,'Randy','2015-10-15 16:26:01','2015-10-15 16:26:10'),(278,'Jerwin','2015-10-15 16:27:18','2015-10-15 16:27:25'),(279,'Randy','2015-10-15 16:27:35','2015-10-15 16:27:35'),(280,'','2015-10-15 16:32:28','2015-10-15 16:32:28'),(281,'Randy','2015-10-15 16:32:46','2015-10-15 16:34:35'),(282,'Jerwin','2015-10-15 16:35:00','2015-10-15 16:35:02'),(283,'Karen','2015-10-15 16:35:05','2015-10-15 16:35:08'),(284,'Randy','2015-10-15 16:35:11','2015-10-15 16:35:29'),(285,'Randy','2015-10-15 16:36:19','2015-10-15 16:37:21'),(286,'','2015-10-15 16:37:24','2015-10-15 16:38:22'),(287,'Jerwin','2015-10-15 16:38:30','2015-10-15 16:38:34'),(288,'Randy','2015-10-15 16:43:04','2015-10-15 16:43:16'),(289,'Jerwin','2015-10-15 16:44:53','2015-10-15 16:45:01'),(290,'Randy','2015-10-15 16:45:15','2015-10-15 16:45:31'),(291,'Jerwin','2015-10-15 17:57:12','2015-10-15 17:57:12'),(292,'Rabi','2015-10-15 17:57:32','2015-10-15 17:57:32'),(293,'Randy','2015-10-15 17:57:48','2015-10-15 17:57:48'),(294,'Karen','2015-10-15 17:57:53','2015-10-15 17:58:13'),(295,'Rabi','2015-10-15 18:05:42','2015-10-15 18:06:01'),(296,'Rabi','2015-10-15 18:26:18','2015-10-15 18:37:31'),(297,'Rabi','2015-10-15 18:37:37','2015-10-15 18:37:37'),(298,'Jerwin','2015-10-15 18:40:53','2015-10-15 18:41:34'),(299,'','2015-10-15 18:42:55','2015-10-15 18:42:59'),(300,'Jerwin','2015-10-15 18:43:04','2015-10-15 18:51:51'),(301,'Jerwin','2015-10-15 18:51:57','2015-10-15 18:52:57'),(302,'Randy','2015-10-15 18:53:15','2015-10-15 18:53:15'),(303,'Karen','2015-10-15 19:16:40','2015-10-15 19:16:40'),(304,'Jerwin','2015-10-15 19:21:13','2015-10-15 19:25:57'),(305,'Rabi','2015-10-15 19:26:21','2015-10-15 19:26:21'),(306,'Jerwin','2015-10-15 19:31:32','2015-10-15 19:31:33'),(307,'','2015-10-15 19:31:51','2015-10-15 19:32:36'),(308,'','2015-10-29 09:45:25','2015-10-29 09:48:23'),(309,'Francis','2015-10-29 09:48:40','2015-10-29 09:49:00'),(310,'Jerwin','2015-10-29 09:49:04','2015-10-29 09:50:25'),(311,'Francis','2015-10-29 09:50:30','2015-10-29 09:51:28'),(312,'','2015-10-29 09:53:02','2015-10-29 09:53:03'),(313,'Karen','2015-10-29 09:53:07','2015-10-29 09:55:35'),(314,'Jerwin','2015-10-29 09:55:43','2015-10-29 09:55:54'),(315,'Rabi','2016-01-12 12:50:12','2016-01-12 12:50:12'),(316,'Rabi','2016-01-12 12:50:53','2016-01-12 12:52:15'),(317,'Jerwin','2016-01-12 12:57:24','2016-01-12 12:58:26'),(318,'Jerwin','2016-01-12 13:07:49','2016-01-12 13:07:57'),(319,'Jerwin','2016-01-12 13:15:39','2016-01-12 13:15:44'),(320,'Jerwin','2016-01-12 13:16:10','2016-01-12 13:16:19'),(321,'Jerwin','2016-01-12 13:25:08','2016-01-12 13:25:21'),(322,'Jerwin','2016-01-12 13:29:33','2016-01-12 13:30:19'),(323,'Jerwin','2016-01-12 13:31:58','2016-01-12 13:33:19'),(324,'Jerwin','2016-01-12 13:33:23','2016-01-12 13:33:57'),(325,'Jerwin','2016-01-12 13:36:02','2016-01-12 13:36:41'),(326,'Jerwin','2016-01-12 13:38:01','2016-01-12 13:38:18'),(327,'Jerwin','2016-01-12 13:45:06','2016-01-12 13:45:08'),(328,'Jerwin','2016-01-12 13:46:55','2016-01-12 13:47:07'),(329,'Jerwin','2016-01-12 13:47:20','2016-01-12 13:47:25'),(330,'Jerwin','2016-01-12 13:48:18','2016-01-12 13:48:28'),(331,'Jerwin','2016-01-12 13:49:59','2016-01-12 13:51:58'),(332,'Jerwin','2016-01-12 13:52:22','2016-01-12 13:53:54'),(333,'Jerwin','2016-01-12 13:56:13','2016-01-12 13:56:47'),(334,'Jerwin','2016-01-12 13:57:17','2016-01-12 13:58:44'),(335,'Jerwin','2016-01-12 13:58:51','2016-01-12 13:59:33'),(336,'Jerwin','2016-01-12 13:59:51','2016-01-12 13:59:55'),(337,'Jerwin','2016-01-12 13:59:59','2016-01-12 14:00:04'),(338,'Jerwin','2016-01-12 14:00:16','2016-01-12 14:00:29'),(339,'Jerwin','2016-01-12 14:01:49','2016-01-12 14:01:52'),(340,'Jerwin','2016-01-12 14:02:24','2016-01-12 14:02:29'),(341,'Jerwin','2016-01-12 14:04:09','2016-01-12 14:04:12'),(342,'Jerwin','2016-01-12 14:06:31','2016-01-12 14:06:31'),(343,'Jerwin','2016-01-12 14:12:12','2016-01-12 14:12:19'),(344,'Jerwin','2016-01-12 14:12:46','2016-01-12 14:12:50'),(345,'Jerwin','2016-01-12 14:13:40','2016-01-12 14:13:40'),(346,'Jerwin','2016-01-12 14:16:50','2016-01-12 14:16:50'),(347,'Jerwin','2016-01-12 14:18:22','2016-01-12 14:18:22'),(348,'Jerwin','2016-01-12 14:19:15','2016-01-12 14:19:18'),(349,'Jerwin','2016-01-12 14:19:54','2016-01-12 14:20:47'),(350,'Jerwin','2016-01-12 14:22:34','2016-01-12 14:22:46'),(351,'Jerwin','2016-01-12 14:24:13','2016-01-12 14:26:47'),(352,'Jerwin','2016-01-12 14:33:18','2016-01-12 14:35:15'),(353,'Jerwin','2016-01-12 14:35:22','2016-01-12 14:35:30'),(354,'Jerwin','2016-01-12 14:37:49','2016-01-12 14:38:06'),(355,'Jerwin','2016-01-12 14:38:27','2016-01-12 14:38:30'),(356,'Jerwin','2016-01-12 14:38:54','2016-01-12 14:39:24'),(357,'Jerwin','2016-01-12 14:40:20','2016-01-12 14:41:01'),(358,'Jerwin','2016-01-12 14:41:23','2016-01-12 14:41:43'),(359,'Jerwin','2016-01-12 14:42:12','2016-01-12 14:42:29'),(360,'Jerwin','2016-01-12 14:51:48','2016-01-12 14:51:55'),(361,'Jerwin','2016-01-12 14:52:15','2016-01-12 14:52:23'),(362,'Jerwin','2016-01-12 14:53:33','2016-01-12 14:54:07'),(363,'Jerwin','2016-01-12 14:58:45','2016-01-12 14:59:17'),(364,'Jerwin','2016-01-12 15:00:06','2016-01-12 15:00:54'),(365,'Jerwin','2016-01-12 15:02:19','2016-01-12 15:03:47'),(366,'Jerwin','2016-01-12 15:04:01','2016-01-12 15:06:34'),(367,'Jerwin','2016-01-12 15:06:53','2016-01-12 15:07:15'),(368,'Jerwin','2016-01-12 15:07:56','2016-01-12 15:07:59'),(369,'Jerwin','2016-01-12 15:08:53','2016-01-12 15:09:26'),(370,'Jerwin','2016-01-12 15:10:12','2016-01-12 15:12:01'),(371,'Jerwin','2016-01-12 15:23:17','2016-01-12 15:23:34'),(372,'Jerwin','2016-01-12 15:24:51','2016-01-12 15:25:07'),(373,'Jerwin','2016-01-12 15:25:25','2016-01-12 15:25:25'),(374,'Jerwin','2016-01-12 15:26:15','2016-01-12 15:26:15'),(375,'Jerwin','2016-01-12 15:28:13','2016-01-12 15:28:13'),(376,'Jerwin','2016-01-12 15:29:24','2016-01-12 15:30:31'),(377,'Jerwin','2016-01-12 15:31:40','2016-01-12 15:32:13'),(378,'Jerwin','2016-01-12 15:33:13','2016-01-12 15:34:05'),(379,'Jerwin','2016-01-12 15:34:27','2016-01-12 15:34:33'),(380,'Jerwin','2016-01-12 15:35:03','2016-01-12 15:35:33'),(381,'Jerwin','2016-01-12 15:39:30','2016-01-12 15:41:41'),(382,'Jerwin','2016-01-12 15:43:13','2016-01-12 15:44:47'),(383,'Jerwin','2016-01-12 15:45:00','2016-01-12 15:45:17'),(384,'Jerwin','2016-01-12 15:46:01','2016-01-12 15:46:17'),(385,'Jerwin','2016-01-12 15:46:35','2016-01-12 15:47:13'),(386,'Jerwin','2016-01-12 15:47:25','2016-01-12 15:48:13'),(387,'Jerwin','2016-01-12 15:48:18','2016-01-12 15:49:05'),(388,'Jerwin','2016-01-12 15:49:23','2016-01-12 15:49:55'),(389,'Jerwin','2016-01-12 15:50:11','2016-01-12 15:52:28'),(390,'Jerwin','2016-01-12 16:01:39','2016-01-12 16:02:29'),(391,'Jerwin','2016-01-12 16:03:59','2016-01-12 16:05:21'),(392,'Jerwin','2016-01-12 16:14:27','2016-01-12 16:15:13'),(393,'Jerwin','2016-01-12 16:15:53','2016-01-12 16:16:24'),(394,'Jerwin','2016-01-12 16:17:50','2016-01-12 16:17:57'),(395,'Jerwin','2016-01-12 16:19:20','2016-01-12 16:26:02'),(396,'Jerwin','2016-01-12 16:27:27','2016-01-12 16:27:52'),(397,'Jerwin','2016-01-12 16:28:50','2016-01-12 16:28:57'),(398,'Jerwin','2016-01-12 16:29:27','2016-01-12 16:29:32'),(399,'Jerwin','2016-01-12 16:30:27','2016-01-12 16:30:35'),(400,'Jerwin','2016-01-12 16:32:11','2016-01-12 16:32:15'),(401,'Jerwin','2016-01-12 16:35:57','2016-01-12 16:36:10'),(402,'Jerwin','2016-01-12 16:36:14','2016-01-12 16:39:12'),(403,'Jerwin','2016-01-12 16:39:24','2016-01-12 16:39:33'),(404,'Jerwin','2016-01-12 16:40:13','2016-01-12 16:40:37'),(405,'Jerwin','2016-01-12 16:41:26','2016-01-12 16:41:31'),(406,'Jerwin','2016-01-12 16:44:00','2016-01-12 16:44:03'),(407,'Jerwin','2016-01-12 16:45:01','2016-01-12 16:45:07'),(408,'Jerwin','2016-01-12 16:45:24','2016-01-12 16:45:29'),(409,'Jerwin','2016-01-12 16:45:51','2016-01-12 16:45:52'),(410,'Jerwin','2016-01-12 16:46:20','2016-01-12 16:46:22'),(411,'Jerwin','2016-01-12 16:46:42','2016-01-12 16:46:47'),(412,'Jerwin','2016-01-12 16:47:44','2016-01-12 16:47:49'),(413,'Jerwin','2016-01-12 16:48:15','2016-01-12 16:48:20'),(414,'Jerwin','2016-01-12 16:48:42','2016-01-12 16:48:55'),(415,'Jerwin','2016-01-12 16:50:19','2016-01-12 16:50:21'),(416,'Jerwin','2016-01-12 16:50:44','2016-01-12 16:50:49'),(417,'Jerwin','2016-01-12 16:51:09','2016-01-12 16:51:13'),(418,'Jerwin','2016-01-12 16:51:31','2016-01-12 16:51:37'),(419,'Jerwin','2016-01-12 16:52:02','2016-01-12 16:52:05'),(420,'Jerwin','2016-01-12 16:52:38','2016-01-12 16:52:43'),(421,'Jerwin','2016-01-12 16:53:45','2016-01-12 16:53:50'),(422,'Jerwin','2016-01-12 16:54:16','2016-01-12 16:54:23'),(423,'Jerwin','2016-01-12 16:55:03','2016-01-12 16:55:12'),(424,'Jerwin','2016-01-12 16:55:44','2016-01-12 16:55:48'),(425,'Jerwin','2016-01-12 16:56:17','2016-01-12 16:56:22'),(426,'Jerwin','2016-01-12 16:56:54','2016-01-12 16:56:57'),(427,'Jerwin','2016-01-12 16:57:19','2016-01-12 16:57:24'),(428,'Jerwin','2016-01-12 16:59:52','2016-01-12 17:00:02'),(429,'Jerwin','2016-01-12 17:01:00','2016-01-12 17:01:09'),(430,'Jerwin','2016-01-12 17:02:16','2016-01-12 17:02:21'),(431,'Jerwin','2016-01-12 17:02:42','2016-01-12 17:02:52'),(432,'Jerwin','2016-01-12 17:03:55','2016-01-12 17:04:06'),(433,'Jerwin','2016-01-12 17:11:15','2016-01-12 17:11:19'),(434,'Jerwin','2016-01-12 17:11:55','2016-01-12 17:12:00'),(435,'Jerwin','2016-01-12 17:13:47','2016-01-12 17:13:54'),(436,'Jerwin','2016-01-12 17:14:10','2016-01-12 17:14:12'),(437,'Jerwin','2016-01-12 17:15:39','2016-01-12 17:15:43'),(438,'Jerwin','2016-01-12 17:16:26','2016-01-12 17:16:30'),(439,'Jerwin','2016-01-12 17:16:56','2016-01-12 17:17:00'),(440,'Jerwin','2016-01-12 17:17:17','2016-01-12 17:17:38'),(441,'Jerwin','2016-01-12 17:17:43','2016-01-12 17:17:45'),(442,'Rabi','2016-01-12 17:17:54','2016-01-12 17:18:13'),(443,'Jerwin','2016-01-12 17:18:36','2016-01-12 17:21:05'),(444,'Jerwin','2016-01-12 17:21:36','2016-01-12 17:21:53'),(445,'Jerwin','2016-01-12 17:22:04','2016-01-12 17:22:11'),(446,'Jerwin','2016-01-12 17:23:29','2016-01-12 17:23:39'),(447,'Jerwin','2016-01-12 17:24:34','2016-01-12 17:24:42'),(448,'Jerwin','2016-01-12 17:28:26','2016-01-12 17:28:32'),(449,'Jerwin','2016-01-12 17:29:08','2016-01-12 17:29:25'),(450,'Jerwin','2016-01-12 17:30:11','2016-01-12 17:30:30'),(451,'Jerwin','2016-01-12 17:31:03','2016-01-12 17:31:12'),(452,'Jerwin','2016-01-12 17:32:47','2016-01-12 17:32:49'),(453,'Jerwin','2016-01-12 17:34:04','2016-01-12 17:34:06'),(454,'Jerwin','2016-01-12 17:39:19','2016-01-12 17:39:24'),(455,'Jerwin','2016-01-12 17:41:49','2016-01-12 17:41:51'),(456,'Jerwin','2016-01-12 17:56:06','2016-01-12 17:56:09'),(457,'Jerwin','2016-01-12 17:57:02','2016-01-12 17:57:04'),(458,'Jerwin','2016-01-12 17:58:14','2016-01-12 17:58:29'),(459,'Jerwin','2016-01-12 18:05:22','2016-01-12 18:05:54'),(460,'Jerwin','2016-01-12 18:07:52','2016-01-12 18:07:56'),(461,'Jerwin','2016-01-12 18:08:16','2016-01-12 18:08:20'),(462,'Jerwin','2016-01-12 18:10:01','2016-01-12 18:10:12'),(463,'Jerwin','2016-01-12 18:20:28','2016-01-12 18:20:49'),(464,'Jerwin','2016-01-12 18:21:15','2016-01-12 18:21:15'),(465,'Jerwin','2016-01-12 18:24:41','2016-01-12 18:24:44'),(466,'Jerwin','2016-01-12 18:25:01','2016-01-12 18:25:15'),(467,'Jerwin','2016-01-13 09:08:59','2016-01-13 09:10:14'),(468,'Jerwin','2016-01-13 09:10:20','2016-01-13 09:10:25'),(469,'Jerwin','2016-01-13 09:10:39','2016-01-13 09:11:53'),(470,'Jerwin','2016-01-13 09:18:19','2016-01-13 09:19:34'),(471,'Jerwin','2016-01-13 09:19:55','2016-01-13 09:19:55'),(472,'Jerwin','2016-01-13 09:25:48','2016-01-13 09:25:48'),(473,'Jerwin','2016-01-13 09:30:15','2016-01-13 09:30:15'),(474,'Jerwin','2016-01-13 09:36:14','2016-01-13 09:39:13'),(475,'Jerwin','2016-01-13 09:46:20','2016-01-13 09:46:27'),(476,'Jerwin','2016-01-13 09:47:56','2016-01-13 09:48:03'),(477,'Jerwin','2016-01-13 09:49:38','2016-01-13 09:50:06'),(478,'Jerwin','2016-01-13 10:33:48','2016-01-13 10:34:07'),(479,'Jerwin','2016-01-13 12:13:56','2016-01-13 12:13:56'),(480,'Jerwin','2016-01-13 12:15:57','2016-01-13 12:15:57'),(481,'Jerwin','2016-01-13 12:17:27','2016-01-13 12:17:27'),(482,'Jerwin','2016-01-13 12:20:31','2016-01-13 12:20:31'),(483,'Jerwin','2016-01-13 12:32:43','2016-01-13 12:32:43'),(484,'Jerwin','2016-01-13 12:34:24','2016-01-13 12:34:24'),(485,'Jerwin','2016-01-13 12:37:54','2016-01-13 12:37:54'),(486,'Jerwin','2016-01-13 12:41:11','2016-01-13 12:41:11'),(487,'Jerwin','2016-01-13 12:42:35','2016-01-13 12:42:35'),(488,'Jerwin','2016-01-13 12:47:40','2016-01-13 12:47:40'),(489,'Jerwin','2016-01-13 12:48:15','2016-01-13 12:48:15'),(490,'Jerwin','2016-01-13 12:49:40','2016-01-13 12:49:40'),(491,'Jerwin','2016-01-13 12:53:24','2016-01-13 12:53:31'),(492,'Jerwin','2016-01-13 12:59:30','2016-01-13 12:59:30'),(493,'Jerwin','2016-01-13 13:00:48','2016-01-13 13:00:48'),(494,'Jerwin','2016-01-13 13:05:24','2016-01-13 13:05:33'),(495,'Jerwin','2016-01-13 13:05:43','2016-01-13 13:05:43'),(496,'Jerwin','2016-01-13 13:14:04','2016-01-13 13:14:16'),(497,'Jerwin','2016-01-13 13:15:18','2016-01-13 13:15:18'),(498,'Jerwin','2016-01-13 13:16:08','2016-01-13 13:16:17'),(499,'Jerwin','2016-01-13 13:18:51','2016-01-13 13:19:56'),(500,'Jerwin','2016-01-13 13:20:14','2016-01-13 13:22:11'),(501,'Jerwin','2016-01-13 13:22:52','2016-01-13 13:22:52'),(502,'Jerwin','2016-01-13 13:24:41','2016-01-13 13:25:24'),(503,'Jerwin','2016-01-13 13:29:00','2016-01-13 13:29:28'),(504,'Jerwin','2016-01-13 13:38:44','2016-01-13 13:38:44'),(505,'Jerwin','2016-01-13 13:41:51','2016-01-13 13:42:56'),(506,'Jerwin','2016-01-13 13:43:11','2016-01-13 13:44:19'),(507,'Jerwin','2016-01-13 13:45:32','2016-01-13 13:45:32'),(508,'Jerwin','2016-01-13 13:49:15','2016-01-13 13:49:15'),(509,'Jerwin','2016-01-13 13:51:26','2016-01-13 13:51:26'),(510,'Jerwin','2016-01-13 13:53:30','2016-01-13 13:53:30'),(511,'Jerwin','2016-01-13 14:02:38','2016-01-13 14:05:29'),(512,'Jerwin','2016-01-13 14:09:14','2016-01-13 14:09:14'),(513,'Jerwin','2016-01-13 14:10:18','2016-01-13 14:10:52'),(514,'Jerwin','2016-01-13 14:11:03','2016-01-13 14:11:29'),(515,'Jerwin','2016-01-13 14:14:12','2016-01-13 14:14:57'),(516,'Jerwin','2016-01-13 14:15:10','2016-01-13 14:15:38'),(517,'Jerwin','2016-01-13 14:17:00','2016-01-13 14:17:26'),(518,'Jerwin','2016-01-13 14:22:06','2016-01-13 14:22:25'),(519,'Jerwin','2016-01-13 14:23:46','2016-01-13 14:23:47'),(520,'Rabi','2016-01-13 14:23:51','2016-01-13 14:23:54'),(521,'Jerwin','2016-01-13 14:31:30','2016-01-13 14:31:39'),(522,'Jerwin','2016-01-13 14:39:20','2016-01-13 14:39:27'),(523,'Jerwin','2016-01-13 14:43:37','2016-01-13 14:43:44'),(524,'Jerwin','2016-01-13 14:45:26','2016-01-13 14:45:34'),(525,'Jerwin','2016-01-13 14:46:47','2016-01-13 14:47:17'),(526,'Jerwin','2016-01-13 14:47:28','2016-01-13 14:48:12'),(527,'Jerwin','2016-01-13 14:48:23','2016-01-13 14:48:33'),(528,'Jerwin','2016-01-17 10:11:58','2016-01-17 10:12:49'),(529,'Rabi','2016-01-17 10:13:14','2016-01-17 10:15:35'),(530,'Rabi','2016-01-17 11:15:35','2016-01-17 11:15:46'),(531,'Karen','2016-01-17 11:16:13','2016-01-17 11:16:34'),(532,'Rabi','2016-01-17 11:55:35','2016-01-17 11:55:35'),(533,'Rabi','2016-01-17 13:13:45','2016-01-17 13:57:48'),(534,'Rabi','2016-01-17 15:45:35','2016-01-17 15:59:15'),(535,'Randy','2016-01-17 16:28:56','2016-01-17 16:35:56'),(536,'Karen','2016-01-17 16:36:00','2016-01-17 16:49:20'),(537,'Karen','2016-01-17 16:49:58','2016-01-17 16:50:39'),(538,'Randy','2016-01-17 17:05:49','2016-01-17 17:06:31'),(539,'Randy','2016-01-17 17:16:12','2016-01-17 17:16:20'),(540,'Rabi','2016-01-17 17:19:22','2016-01-17 17:19:32'),(541,'Rabi','2016-01-17 17:28:46','2016-01-17 17:29:37'),(542,'Rabi','2016-01-17 17:41:55','2016-01-17 17:43:19'),(543,'Rabi','2016-01-17 17:44:45','2016-01-17 17:44:44'),(544,'Karen','2016-01-17 17:52:01','2016-01-17 17:52:08'),(545,'Karen','2016-01-17 17:53:34','2016-01-17 17:53:45'),(546,'Karen','2016-01-17 17:55:38','2016-01-17 17:55:54'),(547,'Karen','2016-01-17 17:56:14','2016-01-17 17:56:41'),(548,'Randy','2016-01-17 18:06:24','2016-01-17 18:08:30'),(549,'Karen','2016-01-17 18:08:47','2016-01-17 18:13:41'),(550,'Randy','2016-01-17 18:15:23','2016-01-17 18:15:23'),(551,'Karen','2016-01-17 18:24:48','2016-01-17 18:24:51'),(552,'Rabi','2016-01-17 18:25:19','2016-01-17 18:25:21'),(553,'Rabi','2016-01-17 18:25:49','2016-01-17 18:25:52'),(554,'Rabi','2016-01-17 18:26:17','2016-01-17 18:27:36'),(555,'Rabi','2016-01-17 18:49:55','2016-01-17 18:49:58'),(556,'Rabi','2016-01-17 18:50:43','2016-01-17 18:51:17'),(557,'Rabi','2016-01-17 18:53:49','2016-01-17 18:53:56'),(558,'Rabi','2016-01-17 18:57:57','2016-01-17 18:58:12'),(559,'Rabi','2016-01-17 19:00:37','2016-01-17 19:01:02'),(560,'Rabi','2016-01-17 19:01:11','2016-01-17 19:01:21'),(561,'Rabi','2016-01-17 19:01:25','2016-01-17 19:01:49'),(562,'Rabi','2016-01-17 19:01:57','2016-01-17 19:05:04'),(563,'Randy','2016-01-17 19:51:32','2016-01-17 19:51:44'),(564,'Karen','2016-01-17 19:52:06','2016-01-17 19:52:13'),(565,'Rabi','2016-01-17 20:34:02','2016-01-17 20:35:11'),(566,'Jerwin','2016-01-18 13:56:18','2016-01-18 13:56:28'),(567,'Jerwin','2016-01-18 13:57:20','2016-01-18 13:57:20'),(568,'Jerwin','2016-01-18 14:01:10','2016-01-18 14:01:10'),(569,'Jerwin','2016-01-18 14:05:45','2016-01-18 14:06:14'),(570,'Rabi','2016-01-18 14:11:07','2016-01-18 14:11:10'),(571,'Jerwin','2016-01-18 14:11:15','2016-01-18 14:11:30'),(572,'Jerwin','2016-01-18 14:11:56','2016-01-18 14:13:27'),(573,'Jerwin','2016-01-18 14:16:14','2016-01-18 14:16:23'),(574,'Rabi','2016-01-18 14:16:45','2016-01-18 14:17:43'),(575,'Jerwin','2016-01-18 14:21:36','2016-01-18 14:22:23'),(576,'Rabi','2016-01-18 14:23:18','2016-01-18 14:28:44'),(577,'Jerwin','2016-01-18 14:33:01','2016-01-18 14:33:22'),(578,'Jerwin','2016-01-18 14:41:48','2016-01-18 14:42:38'),(579,'Jerwin','2016-01-18 14:45:08','2016-01-18 14:45:59'),(580,'Randy','2016-01-18 14:46:03','2016-01-18 14:48:37'),(581,'Karen','2016-01-18 14:48:40','2016-01-18 14:49:09'),(582,'Rabi','2016-01-18 14:49:13','2016-01-18 14:49:14'),(583,'Randy','2016-01-18 14:49:18','2016-01-18 14:51:58'),(584,'Jerwin','2016-01-18 14:54:30','2016-01-18 14:54:39'),(585,'Randy','2016-01-18 14:54:46','2016-01-18 14:55:34'),(586,'Karen','2016-01-18 14:55:40','2016-01-18 14:56:39'),(587,'Jerwin','2016-01-18 14:56:44','2016-01-18 14:56:51'),(588,'Karen','2016-01-18 14:58:33','2016-01-18 14:58:36'),(589,'Randy','2016-01-18 14:58:41','2016-01-18 14:59:56'),(590,'Karen','2016-01-18 15:00:08','2016-01-18 15:02:20'),(591,'Karen','2016-01-18 15:03:26','2016-01-18 15:06:59'),(592,'Karen','2016-01-18 15:07:36','2016-01-18 15:08:22'),(593,'Jerwin','2016-01-18 15:09:23','2016-01-18 15:10:27'),(594,'Jerwin','2016-01-18 15:25:53','2016-01-18 15:25:59'),(595,'Jerwin','2016-01-18 15:26:58','2016-01-18 15:30:59'),(596,'Jerwin','2016-01-18 15:32:14','2016-01-18 15:38:45'),(597,'Jerwin','2016-01-18 15:41:38','2016-01-18 15:42:48'),(598,'Jerwin','2016-01-18 15:43:20','2016-01-18 15:43:41'),(599,'Jerwin','2016-01-18 15:44:37','2016-01-18 15:44:48'),(600,'Jerwin','2016-01-18 16:37:08','2016-01-18 16:37:18'),(601,'Jerwin','2016-01-18 16:38:20','2016-01-18 16:38:33'),(602,'Jerwin','2016-01-18 16:39:48','2016-01-18 16:39:57'),(603,'Jerwin','2016-01-18 16:40:43','2016-01-18 16:41:07'),(604,'Jerwin','2016-01-18 16:41:41','2016-01-18 16:42:35'),(605,'Jerwin','2016-01-18 16:43:31','2016-01-18 16:44:23'),(606,'Jerwin','2016-01-18 17:33:02','2016-01-18 17:34:11'),(607,'Jerwin','2016-01-18 17:35:01','2016-01-18 17:35:01'),(608,'Rabi','2016-01-18 17:38:35','2016-01-18 17:41:55'),(609,'Rabi','2016-01-18 17:42:23','2016-01-18 17:43:17'),(610,'Jerwin','2016-01-18 17:43:37','2016-01-18 17:43:37'),(611,'Randy','2016-01-18 20:00:10','2016-01-18 20:00:17'),(612,'Randy','2016-01-18 20:24:43','2016-01-18 20:24:49'),(613,'Rabi','2016-01-18 20:24:56','2016-01-18 20:25:13'),(614,'Rabi','2016-01-18 21:20:33','2016-01-18 21:22:48'),(615,'Jerwin','2016-01-18 22:10:58','2016-01-18 22:11:25'),(616,'Jerwin','2016-01-18 22:13:05','2016-01-18 22:19:57'),(617,'Rabi','2016-01-18 22:24:15','2016-01-18 22:25:43'),(618,'Jerwin','2016-01-18 22:28:38','2016-01-18 22:29:16'),(619,'Jerwin','2016-01-18 22:32:36','2016-01-18 22:34:19'),(620,'Jerwin','2016-01-18 22:35:16','2016-01-18 22:35:35'),(621,'Jerwin','2016-01-18 22:37:01','2016-01-18 22:37:16'),(622,'Jerwin','2016-01-18 22:40:55','2016-01-18 22:41:08'),(623,'Jerwin','2016-01-18 22:44:09','2016-01-18 22:44:28'),(624,'Jerwin','2016-01-18 23:06:06','2016-01-18 23:06:36'),(625,'Jerwin','2016-01-18 23:14:55','2016-01-18 23:16:16'),(626,'Randy','2016-01-19 07:09:53','2016-01-19 07:10:01'),(627,'Karen','2016-01-19 07:31:07','2016-01-19 07:31:13'),(628,'Jerwin','2016-01-19 07:40:44','2016-01-19 07:41:11'),(629,'Jerwin','2016-01-19 07:53:21','2016-01-19 07:53:51'),(630,'Jerwin','2016-01-19 08:10:02','2016-01-19 08:10:02'),(631,'Jerwin','2016-01-19 08:22:25','2016-01-19 08:22:33'),(632,'Jerwin','2016-01-19 08:25:45','2016-01-19 08:26:15'),(633,'Jerwin','2016-01-19 08:26:54','2016-01-19 08:27:02'),(634,'Jerwin','2016-01-19 08:37:58','2016-01-19 08:39:05'),(635,'Jerwin','2016-01-19 08:40:16','2016-01-19 08:40:36'),(636,'Rabi','2016-01-19 08:42:35','2016-01-19 08:42:35'),(637,'Jerwin','2016-01-19 08:46:20','2016-01-19 08:46:31'),(638,'Jerwin','2016-01-19 08:54:58','2016-01-19 08:55:21'),(639,'Jerwin','2016-01-19 09:42:26','2016-01-19 09:43:08'),(640,'Randy','2016-01-19 02:50:02','2016-01-19 02:50:02'),(641,'Randy','2016-01-19 17:16:26','2016-01-19 17:23:46'),(642,'Randy','2016-01-19 17:28:55','2016-01-19 17:30:04'),(643,'Randy','2016-01-19 17:33:01','2016-01-19 17:33:01'),(644,'Randy','2016-01-19 18:09:33','2016-01-19 18:10:26'),(645,'Randy','2016-01-19 18:25:28','2016-01-19 18:26:29'),(646,'Randy','2016-01-19 18:28:37','2016-01-19 18:29:20'),(647,'Karen','2016-01-19 18:29:25','2016-01-19 18:30:00'),(648,'Karen','2016-01-19 18:34:55','2016-01-19 18:38:22'),(649,'Randy','2016-01-19 18:44:38','2016-01-19 18:44:53'),(650,'Karen','2016-01-19 18:44:57','2016-01-19 18:45:31');
/*!40000 ALTER TABLE `login_trail_tbl` ENABLE KEYS */;
UNLOCK TABLES;

--
-- Temporary view structure for view `login_trail_view`
--

DROP TABLE IF EXISTS `login_trail_view`;
/*!50001 DROP VIEW IF EXISTS `login_trail_view`*/;
SET @saved_cs_client     = @@character_set_client;
SET character_set_client = utf8;
/*!50001 CREATE VIEW `login_trail_view` AS SELECT 
 1 AS `employee_name`,
 1 AS `datetime_in`,
 1 AS `datetime_out`*/;
SET character_set_client = @saved_cs_client;

--
-- Temporary view structure for view `monthly_sales_report`
--

DROP TABLE IF EXISTS `monthly_sales_report`;
/*!50001 DROP VIEW IF EXISTS `monthly_sales_report`*/;
SET @saved_cs_client     = @@character_set_client;
SET character_set_client = utf8;
/*!50001 CREATE VIEW `monthly_sales_report` AS SELECT 
 1 AS `Month_index`,
 1 AS `Month`,
 1 AS `Sales`,
 1 AS `Year`*/;
SET character_set_client = @saved_cs_client;

--
-- Temporary view structure for view `product_inspection_view`
--

DROP TABLE IF EXISTS `product_inspection_view`;
/*!50001 DROP VIEW IF EXISTS `product_inspection_view`*/;
SET @saved_cs_client     = @@character_set_client;
SET character_set_client = utf8;
/*!50001 CREATE VIEW `product_inspection_view` AS SELECT 
 1 AS `Item_Code`,
 1 AS `Description`,
 1 AS `Category`,
 1 AS `Unit_Price`,
 1 AS `Specification`,
 1 AS `Warranty`,
 1 AS `Replacement_Period`,
 1 AS `Quantity_On_Hand`*/;
SET character_set_client = @saved_cs_client;

--
-- Table structure for table `product_invoice_tbl`
--

DROP TABLE IF EXISTS `product_invoice_tbl`;
/*!40101 SET @saved_cs_client     = @@character_set_client */;
/*!40101 SET character_set_client = utf8 */;
CREATE TABLE `product_invoice_tbl` (
  `id` int(11) NOT NULL AUTO_INCREMENT,
  `invoice_id` int(11) DEFAULT NULL,
  `product_id` varchar(20) DEFAULT NULL,
  `quantity` int(11) DEFAULT NULL,
  `subtotal` decimal(10,2) DEFAULT NULL,
  `consumed` bit(1) DEFAULT b'0',
  PRIMARY KEY (`id`),
  KEY `invoice_fk_idx` (`invoice_id`),
  KEY `product_fk_idx` (`product_id`),
  CONSTRAINT `invoice_fk` FOREIGN KEY (`invoice_id`) REFERENCES `invoice_tbl` (`id`) ON DELETE NO ACTION ON UPDATE NO ACTION,
  CONSTRAINT `product_fk` FOREIGN KEY (`product_id`) REFERENCES `product_tbl` (`id`) ON DELETE NO ACTION ON UPDATE NO ACTION
) ENGINE=InnoDB AUTO_INCREMENT=11 DEFAULT CHARSET=utf8;
/*!40101 SET character_set_client = @saved_cs_client */;

--
-- Dumping data for table `product_invoice_tbl`
--

LOCK TABLES `product_invoice_tbl` WRITE;
/*!40000 ALTER TABLE `product_invoice_tbl` DISABLE KEYS */;
INSERT INTO `product_invoice_tbl` VALUES (1,1,'CTVB1D1015M00',50,15000.00,''),(2,5,'CTVB1D1015M00',1,300.00,''),(3,15,'CTVB1D1015M00',1,300.00,''),(4,28,'ACCB1D1015M30',100,20000.00,'\0'),(5,28,'SWGB1D1015M09',7,1400.00,'\0'),(6,28,'CTVB1D1015M00',2,600.00,'\0'),(7,50,'ACCB1D1015M30',1,200.00,''),(8,54,'CTVB1D1015M00',1,400.00,''),(9,69,'ACCB1D1015M30',1,200.00,'\0'),(10,73,'ACCB1D1015M30',1,200.00,'');
/*!40000 ALTER TABLE `product_invoice_tbl` ENABLE KEYS */;
UNLOCK TABLES;

--
-- Table structure for table `product_return_tbl`
--

DROP TABLE IF EXISTS `product_return_tbl`;
/*!40101 SET @saved_cs_client     = @@character_set_client */;
/*!40101 SET character_set_client = utf8 */;
CREATE TABLE `product_return_tbl` (
  `id` int(11) NOT NULL AUTO_INCREMENT,
  `product_invoice_id` int(11) DEFAULT NULL,
  `qty_returned` varchar(45) DEFAULT NULL,
  `date_returned` date DEFAULT NULL,
  `reason` mediumtext,
  PRIMARY KEY (`id`)
) ENGINE=InnoDB AUTO_INCREMENT=5 DEFAULT CHARSET=utf8;
/*!40101 SET character_set_client = @saved_cs_client */;

--
-- Dumping data for table `product_return_tbl`
--

LOCK TABLES `product_return_tbl` WRITE;
/*!40000 ALTER TABLE `product_return_tbl` DISABLE KEYS */;
INSERT INTO `product_return_tbl` VALUES (1,1,'2','2016-01-14','defect'),(2,1,'10','2016-01-14','wala lang'),(3,1,'20','2016-01-14','Defective'),(4,28,'50','2016-01-14','ewan');
/*!40000 ALTER TABLE `product_return_tbl` ENABLE KEYS */;
UNLOCK TABLES;

--
-- Table structure for table `product_tbl`
--

DROP TABLE IF EXISTS `product_tbl`;
/*!40101 SET @saved_cs_client     = @@character_set_client */;
/*!40101 SET character_set_client = utf8 */;
CREATE TABLE `product_tbl` (
  `id` varchar(20) NOT NULL,
  `name` varchar(45) DEFAULT NULL,
  `description` varchar(45) DEFAULT NULL,
  `unit` varchar(45) DEFAULT NULL,
  `unit_cost` decimal(10,2) DEFAULT NULL,
  `unit_price` decimal(10,2) DEFAULT NULL,
  `maintaining_stocks` int(11) DEFAULT NULL,
  `category_id` int(11) DEFAULT NULL,
  `warranty` varchar(45) DEFAULT NULL,
  `replacement` varchar(45) DEFAULT NULL,
  `supplier_id` int(11) DEFAULT NULL,
  `serial_code` varchar(45) DEFAULT NULL,
  PRIMARY KEY (`id`),
  UNIQUE KEY `id_UNIQUE` (`id`),
  KEY `product_category_fk_idx` (`category_id`),
  KEY `product_supplier_fk_idx` (`supplier_id`),
  CONSTRAINT `product_category_fk` FOREIGN KEY (`category_id`) REFERENCES `category_tbl` (`id`) ON DELETE NO ACTION ON UPDATE NO ACTION,
  CONSTRAINT `product_supplier_fk` FOREIGN KEY (`supplier_id`) REFERENCES `supplier_tbl` (`id`) ON DELETE NO ACTION ON UPDATE NO ACTION
) ENGINE=InnoDB DEFAULT CHARSET=utf8;
/*!40101 SET character_set_client = @saved_cs_client */;

--
-- Dumping data for table `product_tbl`
--

LOCK TABLES `product_tbl` WRITE;
/*!40000 ALTER TABLE `product_tbl` DISABLE KEYS */;
INSERT INTO `product_tbl` VALUES ('ACCB1D1015M30','Mechanical Safety Edge','Safety Safe Products',NULL,NULL,200.00,NULL,1,'3 months','2 months',1,NULL),('CTVB1D1015M00','ATD-18040','At The Moment',NULL,NULL,400.00,NULL,2,'2 months','3 months',1,NULL),('SWGB1D1015M09','FLAP BARRIER GATE','Flappy',NULL,NULL,200.00,NULL,1,'2 months','2 months',1,NULL);
/*!40000 ALTER TABLE `product_tbl` ENABLE KEYS */;
UNLOCK TABLES;

--
-- Temporary view structure for view `product_transaction_view`
--

DROP TABLE IF EXISTS `product_transaction_view`;
/*!50001 DROP VIEW IF EXISTS `product_transaction_view`*/;
SET @saved_cs_client     = @@character_set_client;
SET character_set_client = utf8;
/*!50001 CREATE VIEW `product_transaction_view` AS SELECT 
 1 AS `transaction_id`,
 1 AS `description`,
 1 AS `unit_price`,
 1 AS `qty_sold`,
 1 AS `grp_price`*/;
SET character_set_client = @saved_cs_client;

--
-- Table structure for table `product_variants_tbl`
--

DROP TABLE IF EXISTS `product_variants_tbl`;
/*!40101 SET @saved_cs_client     = @@character_set_client */;
/*!40101 SET character_set_client = utf8 */;
CREATE TABLE `product_variants_tbl` (
  `id` int(11) NOT NULL AUTO_INCREMENT,
  `variant` varchar(30) DEFAULT NULL,
  `quantity` int(11) DEFAULT NULL,
  `unit_price` decimal(10,2) DEFAULT NULL,
  `var_level` int(11) DEFAULT NULL,
  `product_id` varchar(20) DEFAULT NULL,
  PRIMARY KEY (`id`),
  KEY `product_id` (`product_id`),
  CONSTRAINT `product_variants_tbl_ibfk_1` FOREIGN KEY (`product_id`) REFERENCES `product_tbl` (`id`)
) ENGINE=InnoDB DEFAULT CHARSET=utf8;
/*!40101 SET character_set_client = @saved_cs_client */;

--
-- Dumping data for table `product_variants_tbl`
--

LOCK TABLES `product_variants_tbl` WRITE;
/*!40000 ALTER TABLE `product_variants_tbl` DISABLE KEYS */;
/*!40000 ALTER TABLE `product_variants_tbl` ENABLE KEYS */;
UNLOCK TABLES;

--
-- Temporary view structure for view `purchased_product_view`
--

DROP TABLE IF EXISTS `purchased_product_view`;
/*!50001 DROP VIEW IF EXISTS `purchased_product_view`*/;
SET @saved_cs_client     = @@character_set_client;
SET character_set_client = utf8;
/*!50001 CREATE VIEW `purchased_product_view` AS SELECT 
 1 AS `Name`,
 1 AS `Barcode`,
 1 AS `quantity`,
 1 AS `unit_price`,
 1 AS `Sales`,
 1 AS `category`*/;
SET character_set_client = @saved_cs_client;

--
-- Table structure for table `receipt_tbl`
--

DROP TABLE IF EXISTS `receipt_tbl`;
/*!40101 SET @saved_cs_client     = @@character_set_client */;
/*!40101 SET character_set_client = utf8 */;
CREATE TABLE `receipt_tbl` (
  `invoice_id` int(11) NOT NULL,
  `net_price` decimal(10,2) NOT NULL,
  `cash_tender` decimal(10,2) NOT NULL,
  `changed` decimal(10,2) NOT NULL,
  `cname` varchar(55) DEFAULT NULL,
  `address` varchar(55) DEFAULT NULL,
  PRIMARY KEY (`invoice_id`),
  CONSTRAINT `receipt_invoice_fk` FOREIGN KEY (`invoice_id`) REFERENCES `invoice_tbl` (`id`) ON DELETE NO ACTION ON UPDATE NO ACTION
) ENGINE=InnoDB DEFAULT CHARSET=latin1;
/*!40101 SET character_set_client = @saved_cs_client */;

--
-- Dumping data for table `receipt_tbl`
--

LOCK TABLES `receipt_tbl` WRITE;
/*!40000 ALTER TABLE `receipt_tbl` DISABLE KEYS */;
INSERT INTO `receipt_tbl` VALUES (3,15000.00,20000.00,5000.00,NULL,NULL),(7,300.00,400.00,100.00,NULL,NULL),(17,300.00,300.00,0.00,NULL,NULL),(29,22000.00,22000.00,0.00,NULL,NULL),(33,15000.00,20000.00,5000.00,NULL,NULL),(52,200.00,300.00,100.00,NULL,NULL),(56,400.00,500.00,100.00,NULL,NULL),(58,400.00,400.00,0.00,NULL,NULL),(59,400.00,400.00,0.00,NULL,NULL),(61,400.00,400.00,0.00,NULL,NULL),(75,200.00,200.00,0.00,'CJ','QC');
/*!40000 ALTER TABLE `receipt_tbl` ENABLE KEYS */;
UNLOCK TABLES;

--
-- Table structure for table `reserve`
--

DROP TABLE IF EXISTS `reserve`;
/*!40101 SET @saved_cs_client     = @@character_set_client */;
/*!40101 SET character_set_client = utf8 */;
CREATE TABLE `reserve` (
  `invoice` varchar(45) NOT NULL,
  `productname` varchar(45) NOT NULL,
  `price` varchar(45) NOT NULL,
  `date` varchar(34) NOT NULL
) ENGINE=InnoDB DEFAULT CHARSET=latin1;
/*!40101 SET character_set_client = @saved_cs_client */;

--
-- Dumping data for table `reserve`
--

LOCK TABLES `reserve` WRITE;
/*!40000 ALTER TABLE `reserve` DISABLE KEYS */;
/*!40000 ALTER TABLE `reserve` ENABLE KEYS */;
UNLOCK TABLES;

--
-- Temporary view structure for view `sales_today_view`
--

DROP TABLE IF EXISTS `sales_today_view`;
/*!50001 DROP VIEW IF EXISTS `sales_today_view`*/;
SET @saved_cs_client     = @@character_set_client;
SET character_set_client = utf8;
/*!50001 CREATE VIEW `sales_today_view` AS SELECT 
 1 AS `Date`,
 1 AS `Total_Sales`*/;
SET character_set_client = @saved_cs_client;

--
-- Table structure for table `supplier_tbl`
--

DROP TABLE IF EXISTS `supplier_tbl`;
/*!40101 SET @saved_cs_client     = @@character_set_client */;
/*!40101 SET character_set_client = utf8 */;
CREATE TABLE `supplier_tbl` (
  `id` int(11) NOT NULL AUTO_INCREMENT,
  `name` varchar(45) DEFAULT NULL,
  `address` mediumtext,
  `contact_number` varchar(45) DEFAULT NULL,
  `contact_person` varchar(45) DEFAULT NULL,
  PRIMARY KEY (`id`)
) ENGINE=InnoDB AUTO_INCREMENT=2 DEFAULT CHARSET=utf8;
/*!40101 SET character_set_client = @saved_cs_client */;

--
-- Dumping data for table `supplier_tbl`
--

LOCK TABLES `supplier_tbl` WRITE;
/*!40000 ALTER TABLE `supplier_tbl` DISABLE KEYS */;
INSERT INTO `supplier_tbl` VALUES (1,'Guardtech','QC','1234-123','Randy');
/*!40000 ALTER TABLE `supplier_tbl` ENABLE KEYS */;
UNLOCK TABLES;

--
-- Table structure for table `user_tbl`
--

DROP TABLE IF EXISTS `user_tbl`;
/*!40101 SET @saved_cs_client     = @@character_set_client */;
/*!40101 SET character_set_client = utf8 */;
CREATE TABLE `user_tbl` (
  `id` varchar(45) NOT NULL,
  `password` longtext,
  `access_level` enum('ADMIN','CASHIER','INVENTORY_PERSONNEL','STAFF') DEFAULT NULL,
  `create_time` datetime DEFAULT NULL,
  `active` bit(1) DEFAULT NULL,
  `session_status` bit(1) DEFAULT b'0',
  `fallbackid` int(11) DEFAULT NULL,
  `fallbackans` text,
  PRIMARY KEY (`id`)
) ENGINE=InnoDB DEFAULT CHARSET=utf8;
/*!40101 SET character_set_client = @saved_cs_client */;

--
-- Dumping data for table `user_tbl`
--

LOCK TABLES `user_tbl` WRITE;
/*!40000 ALTER TABLE `user_tbl` DISABLE KEYS */;
INSERT INTO `user_tbl` VALUES ('CJ','1000:0kvsVNGnZ7YHYCyvXMrJClQKCyM3h828:E6n/fB2//+RrY6GzaPn1PxEyMXyKRXfa','ADMIN','2015-09-06 01:36:36','\0','\0',1,'Dog'),('Francis','1000:cXsSfDJE5IpkCpPgsqZLjTAUbSUrwP3z:VdDAcu3dy/POkaLO9lo5S4HK5nvNpdJ7','STAFF','2015-09-13 11:02:09','\0','\0',1,'Dog'),('Jerwin','1000:gBMaS7CPoPuWssMx7Mp62asrgwOA92sS:upbW17soJuVdyFv6uhZC+s9Uif7nE+Gt','INVENTORY_PERSONNEL','2015-09-13 11:24:38','','\0',1,'Dog'),('jessea','1000:IV6vfxHd3+oZOpzhuvQqaWqKFWgnlxF7:QwX+pD/fdR9ceKrThIYMHoeiA3iBTlML','STAFF','2015-10-04 18:05:49','\0','\0',1,'Dog'),('Karen','1000:MC2hqaVscON7bSPVsrdlPXJk1L6crrFD:0WgLdA1IbCGI2Ky0qmfO+8MyYoLDi+PA','CASHIER','2015-09-17 09:40:51','','\0',1,'Dog'),('Rabi','1000:JQ7Krc6eL01CNWzahmeGl3cnE8UgfSDo:IVh/sn6SQvxcwn/qNRbxDMNcVAPobCib','ADMIN','2015-09-13 13:35:25','','\0',2,'Cat'),('Randy','1000:f4SEmab2lco1yQqFfOqN+w4oSy0shM2d:HaURFbRfMKDTUUseYyzvlRdPnuR9gaAa','STAFF','2015-09-13 10:52:08','','\0',1,'Dog'),('saito007','1000:Cnh0F5RmDA94Q05inmY2eW9shFvm64oT:kTntHSf4lWEDHy1zotxffHCh9E9VKgpA','STAFF','2016-01-17 12:04:26','','\0',4,'1000:l4tzx4DJjzVXPv28Sr4TK0Pz9nUjJhjW:ayv0aVBjxoadGKADotDxDHlntDW23Re9');
/*!40000 ALTER TABLE `user_tbl` ENABLE KEYS */;
UNLOCK TABLES;

--
-- Temporary view structure for view `weekly_sales_report`
--

DROP TABLE IF EXISTS `weekly_sales_report`;
/*!50001 DROP VIEW IF EXISTS `weekly_sales_report`*/;
SET @saved_cs_client     = @@character_set_client;
SET character_set_client = utf8;
/*!50001 CREATE VIEW `weekly_sales_report` AS SELECT 
 1 AS `Date`,
 1 AS `Week`,
 1 AS `Begin`,
 1 AS `End`,
 1 AS `Sales`*/;
SET character_set_client = @saved_cs_client;

--
-- Final view structure for view `audit_trail_view`
--

/*!50001 DROP VIEW IF EXISTS `audit_trail_view`*/;
/*!50001 SET @saved_cs_client          = @@character_set_client */;
/*!50001 SET @saved_cs_results         = @@character_set_results */;
/*!50001 SET @saved_col_connection     = @@collation_connection */;
/*!50001 SET character_set_client      = utf8 */;
/*!50001 SET character_set_results     = utf8 */;
/*!50001 SET collation_connection      = utf8_general_ci */;
/*!50001 CREATE ALGORITHM=UNDEFINED */
/*!50013 DEFINER=`root`@`localhost` SQL SECURITY DEFINER */
/*!50001 VIEW `audit_trail_view` AS select `audit_trail_tbl`.`date` AS `date`,`audit_trail_tbl`.`time` AS `time`,concat(`employee_tbl`.`firstname`,' ',`employee_tbl`.`middlename`,' ',`employee_tbl`.`lastname`,' ',convert(`audit_trail_tbl`.`activity` using utf8)) AS `activity`,`audit_trail_tbl`.`employee_id` AS `user_id` from ((`audit_trail_tbl` left join `user_tbl` on((convert(`audit_trail_tbl`.`employee_id` using utf8) = `user_tbl`.`id`))) left join `employee_tbl` on((`user_tbl`.`id` = `employee_tbl`.`user_id`))) order by `audit_trail_tbl`.`date`,`audit_trail_tbl`.`date` desc */;
/*!50001 SET character_set_client      = @saved_cs_client */;
/*!50001 SET character_set_results     = @saved_cs_results */;
/*!50001 SET collation_connection      = @saved_col_connection */;

--
-- Final view structure for view `bestsellers`
--

/*!50001 DROP VIEW IF EXISTS `bestsellers`*/;
/*!50001 SET @saved_cs_client          = @@character_set_client */;
/*!50001 SET @saved_cs_results         = @@character_set_results */;
/*!50001 SET @saved_col_connection     = @@collation_connection */;
/*!50001 SET character_set_client      = utf8 */;
/*!50001 SET character_set_results     = utf8 */;
/*!50001 SET collation_connection      = utf8_general_ci */;
/*!50001 CREATE ALGORITHM=UNDEFINED */
/*!50013 DEFINER=`pos_user`@`%` SQL SECURITY DEFINER */
/*!50001 VIEW `bestsellers` AS select `purchased_product_view`.`Name` AS `Name`,`purchased_product_view`.`quantity` AS `Item_Sold`,cast((`purchased_product_view`.`quantity` / (select sum(`purchased_product_view`.`quantity`) from `purchased_product_view`)) as decimal(3,2)) AS `Percent_Share` from `purchased_product_view` order by `purchased_product_view`.`quantity` limit 10 */;
/*!50001 SET character_set_client      = @saved_cs_client */;
/*!50001 SET character_set_results     = @saved_cs_results */;
/*!50001 SET collation_connection      = @saved_col_connection */;

--
-- Final view structure for view `daily_sales_report`
--

/*!50001 DROP VIEW IF EXISTS `daily_sales_report`*/;
/*!50001 SET @saved_cs_client          = @@character_set_client */;
/*!50001 SET @saved_cs_results         = @@character_set_results */;
/*!50001 SET @saved_col_connection     = @@collation_connection */;
/*!50001 SET character_set_client      = utf8 */;
/*!50001 SET character_set_results     = utf8 */;
/*!50001 SET collation_connection      = utf8_general_ci */;
/*!50001 CREATE ALGORITHM=UNDEFINED */
/*!50013 DEFINER=`pos_user`@`%` SQL SECURITY DEFINER */
/*!50001 VIEW `daily_sales_report` AS select `invoice_tbl`.`date` AS `Date`,sum(`receipt_tbl`.`net_price`) AS `Sales` from (`receipt_tbl` join `invoice_tbl` on((`receipt_tbl`.`invoice_id` = `invoice_tbl`.`id`))) group by `invoice_tbl`.`date` */;
/*!50001 SET character_set_client      = @saved_cs_client */;
/*!50001 SET character_set_results     = @saved_cs_results */;
/*!50001 SET collation_connection      = @saved_col_connection */;

--
-- Final view structure for view `inventory_view`
--

/*!50001 DROP VIEW IF EXISTS `inventory_view`*/;
/*!50001 SET @saved_cs_client          = @@character_set_client */;
/*!50001 SET @saved_cs_results         = @@character_set_results */;
/*!50001 SET @saved_col_connection     = @@collation_connection */;
/*!50001 SET character_set_client      = utf8 */;
/*!50001 SET character_set_results     = utf8 */;
/*!50001 SET collation_connection      = utf8_general_ci */;
/*!50001 CREATE ALGORITHM=UNDEFINED */
/*!50013 DEFINER=`pos_user`@`%` SQL SECURITY DEFINER */
/*!50001 VIEW `inventory_view` AS select `product_tbl`.`name` AS `Name`,`product_tbl`.`description` AS `Description`,`product_tbl`.`id` AS `Barcode`,`product_tbl`.`unit_price` AS `Unit_price`,`category_tbl`.`name` AS `Category`,`inventory_tbl`.`stockin_datetime` AS `Stock_since`,`supplier_tbl`.`name` AS `Supplier`,sum(`inventory_tbl`.`qty_received`) AS `Qty_Received`,sum(`inventory_tbl`.`qty_onhand`) AS `Qty_On_Hand`,`product_tbl`.`warranty` AS `Warranty`,`product_tbl`.`replacement` AS `Replacement` from (((`inventory_tbl` join `product_tbl` on((`inventory_tbl`.`product_id` = `product_tbl`.`id`))) join `category_tbl` on((`product_tbl`.`category_id` = `category_tbl`.`id`))) join `supplier_tbl` on((`product_tbl`.`supplier_id` = `supplier_tbl`.`id`))) group by `inventory_tbl`.`product_id` */;
/*!50001 SET character_set_client      = @saved_cs_client */;
/*!50001 SET character_set_results     = @saved_cs_results */;
/*!50001 SET collation_connection      = @saved_col_connection */;

--
-- Final view structure for view `login_trail_view`
--

/*!50001 DROP VIEW IF EXISTS `login_trail_view`*/;
/*!50001 SET @saved_cs_client          = @@character_set_client */;
/*!50001 SET @saved_cs_results         = @@character_set_results */;
/*!50001 SET @saved_col_connection     = @@collation_connection */;
/*!50001 SET character_set_client      = utf8 */;
/*!50001 SET character_set_results     = utf8 */;
/*!50001 SET collation_connection      = utf8_general_ci */;
/*!50001 CREATE ALGORITHM=UNDEFINED */
/*!50013 DEFINER=`pos_user`@`%` SQL SECURITY DEFINER */
/*!50001 VIEW `login_trail_view` AS select concat(`employee_tbl`.`firstname`,' ',`employee_tbl`.`lastname`) AS `employee_name`,`login_trail_tbl`.`datetime_in` AS `datetime_in`,`login_trail_tbl`.`datetime_out` AS `datetime_out` from ((`login_trail_tbl` left join `user_tbl` on((convert(`login_trail_tbl`.`user_id` using utf8) = `user_tbl`.`id`))) left join `employee_tbl` on((`user_tbl`.`id` = `employee_tbl`.`user_id`))) */;
/*!50001 SET character_set_client      = @saved_cs_client */;
/*!50001 SET character_set_results     = @saved_cs_results */;
/*!50001 SET collation_connection      = @saved_col_connection */;

--
-- Final view structure for view `monthly_sales_report`
--

/*!50001 DROP VIEW IF EXISTS `monthly_sales_report`*/;
/*!50001 SET @saved_cs_client          = @@character_set_client */;
/*!50001 SET @saved_cs_results         = @@character_set_results */;
/*!50001 SET @saved_col_connection     = @@collation_connection */;
/*!50001 SET character_set_client      = utf8 */;
/*!50001 SET character_set_results     = utf8 */;
/*!50001 SET collation_connection      = utf8_general_ci */;
/*!50001 CREATE ALGORITHM=UNDEFINED */
/*!50013 DEFINER=`pos_user`@`%` SQL SECURITY DEFINER */
/*!50001 VIEW `monthly_sales_report` AS select month(`invoice_tbl`.`date`) AS `Month_index`,monthname(`invoice_tbl`.`date`) AS `Month`,sum(`receipt_tbl`.`net_price`) AS `Sales`,year(`invoice_tbl`.`date`) AS `Year` from (`receipt_tbl` join `invoice_tbl` on((`receipt_tbl`.`invoice_id` = `invoice_tbl`.`id`))) group by `Month` */;
/*!50001 SET character_set_client      = @saved_cs_client */;
/*!50001 SET character_set_results     = @saved_cs_results */;
/*!50001 SET collation_connection      = @saved_col_connection */;

--
-- Final view structure for view `product_inspection_view`
--

/*!50001 DROP VIEW IF EXISTS `product_inspection_view`*/;
/*!50001 SET @saved_cs_client          = @@character_set_client */;
/*!50001 SET @saved_cs_results         = @@character_set_results */;
/*!50001 SET @saved_col_connection     = @@collation_connection */;
/*!50001 SET character_set_client      = utf8 */;
/*!50001 SET character_set_results     = utf8 */;
/*!50001 SET collation_connection      = utf8_general_ci */;
/*!50001 CREATE ALGORITHM=UNDEFINED */
/*!50013 DEFINER=`pos_user`@`%` SQL SECURITY DEFINER */
/*!50001 VIEW `product_inspection_view` AS select `inventory_view`.`Barcode` AS `Item_Code`,`inventory_view`.`Name` AS `Description`,`inventory_view`.`Category` AS `Category`,`inventory_view`.`Unit_price` AS `Unit_Price`,`product_tbl`.`description` AS `Specification`,`product_tbl`.`warranty` AS `Warranty`,`product_tbl`.`replacement` AS `Replacement_Period`,`inventory_view`.`Qty_On_Hand` AS `Quantity_On_Hand` from (`product_tbl` join `inventory_view` on((`product_tbl`.`id` = `inventory_view`.`Barcode`))) */;
/*!50001 SET character_set_client      = @saved_cs_client */;
/*!50001 SET character_set_results     = @saved_cs_results */;
/*!50001 SET collation_connection      = @saved_col_connection */;

--
-- Final view structure for view `product_transaction_view`
--

/*!50001 DROP VIEW IF EXISTS `product_transaction_view`*/;
/*!50001 SET @saved_cs_client          = @@character_set_client */;
/*!50001 SET @saved_cs_results         = @@character_set_results */;
/*!50001 SET @saved_col_connection     = @@collation_connection */;
/*!50001 SET character_set_client      = utf8 */;
/*!50001 SET character_set_results     = utf8 */;
/*!50001 SET collation_connection      = utf8_general_ci */;
/*!50001 CREATE ALGORITHM=UNDEFINED */
/*!50013 DEFINER=`root`@`localhost` SQL SECURITY DEFINER */
/*!50001 VIEW `product_transaction_view` AS select `product_invoice_tbl`.`invoice_id` AS `transaction_id`,`product_tbl`.`name` AS `description`,`product_tbl`.`unit_price` AS `unit_price`,`product_invoice_tbl`.`quantity` AS `qty_sold`,`product_invoice_tbl`.`subtotal` AS `grp_price` from (`product_invoice_tbl` join `product_tbl` on((`product_tbl`.`id` = `product_invoice_tbl`.`product_id`))) */;
/*!50001 SET character_set_client      = @saved_cs_client */;
/*!50001 SET character_set_results     = @saved_cs_results */;
/*!50001 SET collation_connection      = @saved_col_connection */;

--
-- Final view structure for view `purchased_product_view`
--

/*!50001 DROP VIEW IF EXISTS `purchased_product_view`*/;
/*!50001 SET @saved_cs_client          = @@character_set_client */;
/*!50001 SET @saved_cs_results         = @@character_set_results */;
/*!50001 SET @saved_col_connection     = @@collation_connection */;
/*!50001 SET character_set_client      = utf8 */;
/*!50001 SET character_set_results     = utf8 */;
/*!50001 SET collation_connection      = utf8_general_ci */;
/*!50001 CREATE ALGORITHM=UNDEFINED */
/*!50013 DEFINER=`pos_user`@`%` SQL SECURITY DEFINER */
/*!50001 VIEW `purchased_product_view` AS select `ps`.`name` AS `Name`,`ps`.`id` AS `Barcode`,sum(`pt`.`quantity`) AS `quantity`,`ps`.`unit_price` AS `unit_price`,(sum(`pt`.`quantity`) * `ps`.`unit_price`) AS `Sales`,`ps`.`category_id` AS `category` from (`product_tbl` `ps` join `product_invoice_tbl` `pt` on((`pt`.`product_id` = `ps`.`id`))) group by `ps`.`id` */;
/*!50001 SET character_set_client      = @saved_cs_client */;
/*!50001 SET character_set_results     = @saved_cs_results */;
/*!50001 SET collation_connection      = @saved_col_connection */;

--
-- Final view structure for view `sales_today_view`
--

/*!50001 DROP VIEW IF EXISTS `sales_today_view`*/;
/*!50001 SET @saved_cs_client          = @@character_set_client */;
/*!50001 SET @saved_cs_results         = @@character_set_results */;
/*!50001 SET @saved_col_connection     = @@collation_connection */;
/*!50001 SET character_set_client      = utf8 */;
/*!50001 SET character_set_results     = utf8 */;
/*!50001 SET collation_connection      = utf8_general_ci */;
/*!50001 CREATE ALGORITHM=UNDEFINED */
/*!50013 DEFINER=`pos_user`@`%` SQL SECURITY DEFINER */
/*!50001 VIEW `sales_today_view` AS select `invoice_tbl`.`date` AS `Date`,sum(`receipt_tbl`.`net_price`) AS `Total_Sales` from (`receipt_tbl` join `invoice_tbl` on((`invoice_tbl`.`id` = `receipt_tbl`.`invoice_id`))) where (`invoice_tbl`.`date` = curdate()) */;
/*!50001 SET character_set_client      = @saved_cs_client */;
/*!50001 SET character_set_results     = @saved_cs_results */;
/*!50001 SET collation_connection      = @saved_col_connection */;

--
-- Final view structure for view `weekly_sales_report`
--

/*!50001 DROP VIEW IF EXISTS `weekly_sales_report`*/;
/*!50001 SET @saved_cs_client          = @@character_set_client */;
/*!50001 SET @saved_cs_results         = @@character_set_results */;
/*!50001 SET @saved_col_connection     = @@collation_connection */;
/*!50001 SET character_set_client      = utf8 */;
/*!50001 SET character_set_results     = utf8 */;
/*!50001 SET collation_connection      = utf8_general_ci */;
/*!50001 CREATE ALGORITHM=UNDEFINED */
/*!50013 DEFINER=`pos_user`@`%` SQL SECURITY DEFINER */
/*!50001 VIEW `weekly_sales_report` AS select `invoice_tbl`.`date` AS `Date`,week(`invoice_tbl`.`date`,0) AS `Week`,min(`invoice_tbl`.`date`) AS `Begin`,max(`invoice_tbl`.`date`) AS `End`,sum(`receipt_tbl`.`net_price`) AS `Sales` from (`receipt_tbl` join `invoice_tbl` on((`receipt_tbl`.`invoice_id` = `invoice_tbl`.`id`))) group by `Week` */;
/*!50001 SET character_set_client      = @saved_cs_client */;
/*!50001 SET character_set_results     = @saved_cs_results */;
/*!50001 SET collation_connection      = @saved_col_connection */;
/*!40103 SET TIME_ZONE=@OLD_TIME_ZONE */;

/*!40101 SET SQL_MODE=@OLD_SQL_MODE */;
/*!40014 SET FOREIGN_KEY_CHECKS=@OLD_FOREIGN_KEY_CHECKS */;
/*!40014 SET UNIQUE_CHECKS=@OLD_UNIQUE_CHECKS */;
/*!40101 SET CHARACTER_SET_CLIENT=@OLD_CHARACTER_SET_CLIENT */;
/*!40101 SET CHARACTER_SET_RESULTS=@OLD_CHARACTER_SET_RESULTS */;
/*!40101 SET COLLATION_CONNECTION=@OLD_COLLATION_CONNECTION */;
/*!40111 SET SQL_NOTES=@OLD_SQL_NOTES */;

-- Dump completed on 2016-01-19 18:50:04
